"user_id","COUNT(t.transaction_id)"
11,1
59,1
327,1
353,1
386,1
390,1
732,1
748,1
844,1
856,1
867,1
873,1
1054,1
1160,1
1170,1
1538,1
1677,1
1787,1
1840,1
1875,1
2024,1
2054,1
2157,1
2380,1
2408,1
2559,1
2708,3
2739,1
2906,1
2989,1
3025,1
3048,1
3062,3
3256,1
3290,1
3454,1
3462,2
3479,1
3493,1
3497,1
3540,1
3718,1
3752,1
3799,1
3887,2
4062,1
4079,1
4232,1
4609,1
4654,1
4899,1
5026,3
5077,2
5227,1
5345,1
5625,1
5678,1
5722,1
5905,1
6192,1
6257,1
6299,1
6387,1
6535,1
6539,3
6597,1
6726,1
6791,1
6800,1
6929,1
7147,1
7155,1
7267,1
7571,1
7609,1
8017,1
8059,1
8224,1
8282,1
8481,1
8488,1
8574,1
8718,1
8722,1
8834,1
8894,1
8927,1
9098,1
9319,1
9345,1
9441,1
9526,1
10114,2
10516,1
10572,1
10574,1
10599,1
10766,1
10951,1
10993,1
11132,2
11430,1
11449,1
11487,1
11569,1
11575,1
11602,1
12086,1
12094,1
12284,1
12369,1
12407,1
12438,2
12481,2
12497,1
12613,1
12721,1
12868,2
13139,1
13278,1
13282,1
13391,1
13415,1
13558,1
13777,1
13779,2
13848,1
13871,1
13969,1
13987,1
14108,1
14118,3
14204,2
14239,1
14477,1
14635,2
14724,1
14872,1
14971,1
15024,2
15059,1
15132,2
15362,1
15415,1
15790,1
16023,1
16348,1
16362,1
16513,1
16541,1
16686,1
16744,1
16776,1
16890,1
16896,1
17127,1
17179,1
17226,1
17272,1
17338,1
17549,2
17564,1
17714,1
17794,1
17901,1
17934,1
17947,1
18016,1
18243,1
18254,1
18414,1
18692,1
18933,1
18952,1
19134,1
19157,1
19231,1
19288,1
19376,1
19449,1
19490,1
19539,1
19553,1
19655,1
19835,1
19905,1
19930,1
19946,2
20115,1
20329,1
20652,1
20727,1
20746,2
20769,1
20886,1
21214,1
21239,1
21437,2
21464,1
21659,1
21735,1
21836,1
21953,1
21958,2
22003,1
22241,1
22985,1
23010,1
23114,1
23204,1
23228,1
23488,1
23629,1
23691,2
23883,1
24054,1
24291,1
24347,4
24375,1
24683,1
24909,1
24965,1
25040,1
25113,1
25115,2
25591,1
25688,1
25913,1
25978,1
26161,1
26481,1
26567,1
26758,1
26797,1
26843,1
26868,1
26886,1
27000,1
27004,1
27131,1
27132,1
27181,1
27485,2
27503,1
27721,1
27890,1
27982,1
28079,1
28154,1
28223,3
28347,1
28586,1
28614,1
28695,1
28717,1
28776,1
29024,1
29112,1
29263,1
29333,1
29531,1
29623,1
29858,2
29914,1
30074,2
30126,1
30165,1
30396,1
30427,2
30442,1
30607,1
30734,1
30782,2
30794,1
30897,1
31011,1
31015,1
31103,1
31313,1
31393,1
31451,1
31523,1
31588,1
31719,1
31772,2
31814,2
31979,1
32205,3
32229,1
32434,1
32437,1
32459,1
32472,1
32557,2
32659,1
32745,1
32854,1
32896,1
32900,1
33006,1
33128,1
33147,1
33169,2
33208,1
33305,1
33628,1
33761,2
33936,1
34005,1
34064,1
34081,1
34225,1
34519,1
34522,1
34801,1
34934,1
34945,1
34959,1
34964,1
35153,1
35511,1
35519,1
35610,2
35649,1
35784,1
36164,1
36287,1
36349,1
36486,1
36621,1
36740,1
36864,1
37072,1
37098,2
37660,1
37687,1
37702,2
37819,1
37901,1
37906,1
38293,1
38379,1
38410,1
38439,1
38675,1
38777,1
38913,1
38931,2
39113,1
39156,1
39252,1
39294,1
39336,1
39420,1
39512,1
39563,1
39601,1
39607,1
39646,1
40063,2
40094,1
40138,1
40254,1
40348,1
40507,1
40528,2
40611,1
40807,1
40862,1
40881,1
40895,1
41141,1
41264,1
41266,1
41443,1
41583,1
41997,1
42009,1
42024,1
42130,1
42300,1
42439,1
42472,1
42478,1
42676,1
42944,1
43029,1
43092,1
43137,1
43148,1
43317,1
43341,1
43619,1
43652,1
43693,1
43989,2
43996,1
44138,3
44252,1
44270,1
44358,2
44525,1
44575,1
44589,1
44605,1
44965,1
44997,1
45031,2
45174,1
45504,1
45730,1
45974,1
46019,1
46106,1
46116,1
46495,1
46550,1
46806,2
46967,1
47092,1
47115,1
47138,2
47542,1
47631,1
47656,1
47760,1
47832,1
47884,1
47976,1
48003,1
48034,1
48445,1
48476,1
48514,1
48644,1
48648,1
49131,1
49142,1
49209,1
49228,1
49244,1
49425,1
49453,1
49630,1
49770,1
49925,1
49979,1
50104,2
50275,2
50391,1
50689,1
50694,1
50754,1
50906,1
50951,1
50956,1
50986,1
51266,1
51300,1
51444,1
51469,1
51482,1
51484,1
51490,1
51536,1
51556,2
51821,1
51880,1
51904,1
51922,1
52094,1
52239,1
52294,1
52359,1
52469,1
52480,1
52630,1
52898,2
52916,1
53461,1
53526,1
53629,1
53647,1
53806,1
53808,1
53873,1
53917,1
53946,1
54002,1
54197,1
54231,2
54385,1
54400,1
54422,1
54461,1
54705,1
54823,1
54863,1
54916,1
55282,1
55496,1
55519,1
55741,1
55783,1
55853,1
56003,1
56005,1
56006,1
56017,1
56084,1
56132,1
56136,1
56225,1
56488,1
56605,1
56719,1
56735,1
56932,1
56966,1
57044,1
57140,1
57195,1
57208,1
57380,2
57381,1
57465,1
57716,1
57846,1
58023,1
58061,1
58363,2
58369,1
58467,1
58527,1
58599,1
58641,1
58864,2
58970,1
59241,1
59338,1
59447,1
59635,1
60062,1
60149,1
60206,1
60347,1
60520,1
60676,1
60859,1
60947,1
61042,1
61094,1
61174,1
61237,1
61311,1
61367,1
61380,1
61416,1
61462,1
61521,2
61553,1
61677,1
61741,1
62037,3
62422,1
62486,1
62592,1
62753,1
62782,1
62993,1
63086,2
63129,1
63145,1
63157,1
63279,1
63367,1
63386,1
63509,1
63547,1
63606,1
63761,1
63764,2
63771,1
63814,1
63935,1
63996,1
64018,1
64097,1
64292,1
64346,1
64589,1
64677,1
64824,1
65360,1
65387,1
65640,1
65670,1
65738,1
66433,1
66517,1
66644,1
66805,1
67062,1
67338,1
67347,1
67387,1
67490,1
67599,1
67614,1
67659,1
67663,1
68007,1
68163,1
68261,1
68279,2
68298,2
68474,1
68546,1
68620,1
68692,1
68701,1
68840,1
68876,1
68977,1
69015,1
69151,1
69161,1
69165,1
69396,1
69600,1
69630,1
69661,1
69670,1
69682,1
69879,1
69946,1
69975,1
70024,1
70221,1
70302,1
70311,1
70483,1
70565,2
70772,1
70813,1
70872,1
71093,1
71211,1
71323,1
71324,2
71332,1
71468,1
71548,1
71620,2
71757,1
71787,1
71854,1
71862,1
71971,1
72003,1
72042,1
72152,1
72197,1
72281,1
72374,1
72576,1
72606,1
72645,1
72702,1
72837,1
72838,1
72885,1
72983,1
73097,1
73249,1
73295,1
73311,1
73335,1
73403,1
73430,1
73492,1
73659,1
73962,1
73980,2
74040,1
74205,1
74291,1
74298,1
74396,1
74400,1
74474,1
74530,1
74535,1
74545,1
74732,1
74885,1
74891,1
74956,1
75046,2
75215,1
75371,2
75462,1
75686,1
75908,1
76024,3
76152,1
76427,1
76496,1
76727,2
76735,2
76855,1
76894,1
76904,1
76917,1
77057,1
77814,1
78020,1
78168,1
78370,1
78444,1
78470,1
78513,1
78602,1
78683,1
78809,1
78813,1
78993,1
79140,1
79218,1
79235,1
79308,1
79415,1
79462,3
79591,1
79596,1
79684,1
79722,1
79800,1
79803,4
79922,1
80157,1
80221,1
80297,1
80452,1
80578,1
80623,1
80891,1
80923,3
81069,1
81614,1
81807,1
81941,1
81954,1
82016,1
82112,1
82175,1
82417,1
82459,1
82609,1
82630,1
82690,1
82789,1
82825,1
82845,1
82853,1
83008,1
83097,1
83210,1
83374,1
83451,1
83455,1
83479,2
83583,1
83600,1
83718,1
83790,1
83818,1
84042,1
84088,1
84185,1
84213,1
84277,1
84299,1
84349,1
84513,1
84523,1
84690,1
84777,1
84826,1
85330,1
85703,1
85754,1
85760,1
85788,1
85855,1
85878,1
85919,1
85973,1
86069,1
86082,1
86274,1
86317,2
86426,1
86588,1
86590,1
86702,1
86930,1
86964,1
87008,1
87086,1
87365,1
87831,1
87835,1
87873,1
87946,1
88032,1
88069,1
88153,1
88466,1
88467,1
88551,2
88747,1
88989,1
89019,1
89141,1
89262,1
89289,2
89575,1
89778,1
89946,1
89985,1
90332,1
90766,1
90771,1
91053,1
91518,1
91558,1
91564,1
91602,1
91635,1
91713,1
91787,1
91878,1
91882,1
91901,1
91902,1
91991,1
92001,1
92407,1
92636,1
92750,1
92830,1
92841,1
92890,2
92964,1
93252,1
93502,1
93509,1
93704,1
93735,1
93737,1
93749,1
93824,1
93853,1
94026,1
94124,1
94198,1
94268,1
94324,1
94459,2
94692,1
94838,1
94988,1
95012,1
95343,1
95393,1
95592,1
95616,1
95619,1
96189,1
96241,1
96295,1
96420,1
96574,1
96576,1
96772,1
96826,1
96864,3
96939,1
96947,1
97150,1
97356,1
97396,1
97416,1
97542,1
97577,1
97616,1
97853,1
97893,1
98059,1
98120,1
98126,1
98150,1
98259,1
98660,1
98889,3
98890,1
98918,1
98927,1
99012,1
99613,1
99695,1
99724,1
99920,1
100094,1
100195,1
100267,1
100304,1
100444,1
100556,1
100603,1
100799,1
100802,1
100841,1
100880,1
101056,1
101320,2
101342,1
101363,1
101395,1
101445,1
101577,1
101657,1
101782,1
101845,1
102070,1
102201,1
102358,1
102468,1
102475,1
102606,1
102622,1
102756,1
102902,1
102911,1
102933,1
102957,1
103017,1
103084,1
103198,1
103299,1
103319,1
103331,1
103391,1
103405,1
103461,1
103538,1
103550,1
103703,1
103737,1
103739,1
103903,1
104056,1
104149,1
104160,1
104303,1
104357,1
104557,1
105078,1
105306,1
105430,1
105609,1
105835,1
105987,2
106125,2
106151,1
106238,2
106239,1
106419,1
106451,1
106618,1
106801,1
106929,1
107011,1
107081,1
107248,1
107523,1
107896,1
107932,1
107938,1
107969,1
107999,1
108259,1
108322,1
108359,1
108372,1
108387,1
108403,1
108435,1
108477,1
108489,1
108667,1
108677,1
108809,1
108918,1
108941,1
108968,1
109281,1
109298,1
109430,1
109499,2
109578,1
109595,1
109729,1
110060,1
110108,1
110477,1
110536,2
110775,1
110846,1
111024,1
111195,1
111232,1
111477,1
111541,1
111565,1
111912,1
111915,1
112134,1
112287,1
112346,1
112414,1
112442,1
112445,1
113186,2
113357,1
113404,1
113416,1
113417,2
113708,1
113921,1
113972,1
114142,1
114189,1
114200,1
114294,1
114350,1
114749,1
114750,1
114868,1
115038,1
115314,1
115710,1
115742,2
115985,1
115997,1
116032,1
116056,1
116256,1
116307,1
116417,1
116452,1
116471,1
116539,1
116569,1
116706,1
116739,1
116767,1
116771,1
116879,1
116926,2
116955,1
117030,1
117101,1
117285,1
117394,1
117454,1
117492,1
117675,1
117738,1
117915,1
118229,3
118271,1
118397,1
118819,1
118858,1
118860,2
118890,1
118931,1
119020,1
119053,1
119261,1
119286,2
119330,1
119381,1
119446,1
119677,1
119707,1
119712,1
119854,1
119971,1
120448,1
120594,1
120805,1
121040,2
121258,1
121694,1
121740,2
121963,1
121988,1
121991,1
122001,1
122159,1
122176,1
122306,1
122349,1
122401,1
122424,1
122595,1
122689,1
122838,1
122877,1
123267,1
123301,1
123369,1
123766,1
123797,1
123915,1
124420,1
124515,1
124524,1
125217,1
125253,1
125362,1
125663,1
125697,1
125736,1
126022,1
126111,1
126186,1
126217,2
126556,1
126583,2
126695,1
126715,1
126995,1
127073,1
127129,1
127174,1
127321,2
127331,1
127358,1
127372,1
127404,1
127558,1
127564,1
127612,1
127661,1
127770,1
127883,1
127941,2
127967,2
128317,1
128463,1
128734,1
128805,2
128814,1
128854,1
128903,1
129092,1
129210,1
129279,1
129454,1
129492,1
129591,1
129603,1
129747,1
129779,1
129813,1
129937,1
129981,1
130007,1
130133,1
130148,1
130217,1
130317,1
130372,1
130564,1
130761,1
130985,1
131002,1
131028,3
131256,1
131314,1
131352,1
131643,1
131659,1
131662,2
131668,1
131923,1
131953,1
132143,1
132145,1
132307,1
132509,1
132521,1
132571,1
132807,1
133140,1
133436,1
133580,1
133774,1
133820,1
133848,2
133977,1
134058,1
134091,2
134351,2
134648,1
134862,1
134984,2
135023,1
135663,1
135770,1
135872,1
136088,2
136099,1
136281,1
136306,1
136398,1
136545,1
136590,1
136986,1
137020,1
137176,2
137178,1
137289,2
137436,2
137557,1
137750,1
137778,1
137785,1
138200,1
138529,1
138698,1
138757,1
138780,1
138815,1
138874,1
138889,1
139030,1
139064,1
139260,1
139322,1
139363,1
139474,1
139531,2
139788,1
139853,1
139922,1
140068,1
140173,2
140212,1
140266,1
140274,1
140302,1
140412,2
140564,2
140601,1
140624,2
141223,2
141318,1
141346,1
141436,1
141463,1
141509,1
141523,3
141669,1
141718,1
141720,1
141751,1
141945,1
142047,1
142105,2
142154,1
142239,1
142557,1
142583,1
142653,1
142704,1
142795,1
142796,1
142840,1
142845,1
142912,1
143027,1
143187,1
143309,1
143351,1
143352,1
143461,1
143606,1
143721,1
143732,1
143782,1
143855,1
143891,1
143918,1
143928,1
144052,1
144082,1
144198,1
144252,1
144365,1
144454,1
144767,1
144909,1
145161,1
145534,1
145586,1
145606,1
145633,1
145766,1
145915,1
146117,1
146239,4
146266,1
146541,1
146579,1
146669,1
146812,2
146904,1
146942,1
146953,1
147437,1
147544,1
147584,1
147916,1
148230,1
148248,1
148623,1
148627,1
148748,1
148785,1
149153,1
149347,1
149488,1
149626,1
149766,1
149832,1
149895,1
149982,2
150032,1
150200,1
150249,1
150307,1
150365,1
150426,1
150438,1
150480,1
150483,1
150537,1
151569,1
151767,1
151807,1
151862,1
152015,1
152148,1
152203,2
152274,1
152332,1
152573,1
152646,1
152762,1
153013,1
153016,1
153023,1
153288,1
153496,1
153605,1
153684,2
153714,1
153724,1
153823,1
154315,1
154417,1
154460,1
154499,1
154551,1
154766,1
154826,1
154927,1
154975,1
155034,1
155093,1
155143,1
155266,1
155369,1
155493,1
155558,1
155626,1
155731,3
155759,1
155846,1
156195,2
156220,1
156276,1
156442,1
156538,1
156569,1
156610,1
156766,1
156783,2
156793,1
157042,1
157140,1
157289,1
157304,1
157391,2
157548,1
157576,1
157648,1
157656,1
157754,1
157814,1
157868,1
158117,1
158269,1
158404,2
158503,1
158617,1
158707,1
158729,1
159037,1
159216,2
159247,1
159328,2
159349,1
159374,1
159391,1
159396,3
159416,1
159425,1
159431,2
159448,2
159479,1
159509,1
159521,1
159543,1
159694,1
159805,1
160044,1
160102,1
160153,1
160177,3
160235,1
160490,1
160571,1
160601,1
160725,1
160803,1
160970,1
160983,1
161412,1
161686,1
161799,1
161896,1
161962,1
162011,2
162139,1
162640,1
162999,1
163098,1
163103,1
163506,1
163533,1
163556,1
163733,2
163960,1
164034,6
164061,1
164269,1
164311,1
164348,1
164609,1
164656,1
164816,2
164832,1
164864,1
164974,1
165167,1
165320,1
165332,1
165462,2
165789,1
165834,1
165843,1
165863,1
166298,1
166314,1
166344,1
166543,1
166628,2
166732,1
166855,2
166914,1
167461,1
167477,1
167498,1
167565,1
167854,1
167963,1
168071,1
168218,1
168525,1
168595,1
168755,1
168823,2
168856,1
168861,1
168902,1
169054,1
169106,1
169142,1
169150,1
169166,1
169483,1
169756,1
169948,1
170063,1
170422,1
170453,1
170472,1
170573,1
170678,1
170855,1
170884,1
171104,1
171133,1
171241,1
171366,1
171387,1
171526,2
171607,1
172035,1
172076,1
172100,1
172175,1
172271,1
172325,1
172507,1
172624,1
172664,1
172835,1
173032,3
173098,1
173153,1
173187,1
173278,1
173371,2
173451,1
173483,1
173523,1
173634,1
173661,1
173800,1
173939,1
174010,1
174011,1
174130,1
174243,1
174294,1
174457,1
174705,1
174832,1
175002,1
175007,1
175138,1
175280,1
175528,1
175588,1
175785,1
175969,1
176105,1
176207,1
176274,1
176575,1
176587,1
176642,1
176681,1
176716,1
176731,1
176765,1
176831,1
176923,1
176965,2
177043,1
177118,1
177240,1
177306,1
177380,1
177420,1
177435,1
177459,1
177531,1
177663,1
178293,1
178310,1
178329,1
178502,1
178511,1
178570,1
178791,1
178988,1
179040,1
179046,1
179477,1
179582,3
179589,1
179671,2
179978,1
180076,1
180110,1
180223,1
180426,1
180758,1
180828,1
180935,1
181107,1
181112,2
181155,2
181261,1
181357,1
181368,1
181508,1
181521,1
181557,1
181652,1
181744,1
181927,1
182039,1
182733,1
182741,1
182830,1
182921,1
183018,1
183041,1
183153,2
183176,1
183235,2
183425,1
183600,1
183645,1
183650,1
183674,1
184350,1
184370,1
184408,1
184454,1
184521,1
184768,1
184806,2
185098,1
185131,1
185135,1
185209,1
185343,1
185621,1
185944,1
186367,1
186476,1
186691,1
186714,1
186761,1
186796,1
186821,1
187241,1
187263,1
187317,1
187556,1
187722,1
188366,1
188412,1
188672,1
188808,1
188951,1
189256,1
189490,1
189609,1
189702,1
189724,1
189948,1
190140,1
190546,1
190788,1
190899,2
190938,1
191019,1
191034,1
191122,1
191167,1
191175,1
191226,1
191263,1
191289,1
191460,1
191481,1
191784,2
191910,1
191969,1
192342,3
192346,1
192422,1
192506,2
192551,1
192603,1
192738,1
192819,1
192836,1
192900,1
193587,1
193892,1
193994,1
194141,1
194307,1
194329,1
194330,1
194404,1
194437,1
194646,1
194674,1
194703,1
194727,1
194787,1
194925,1
194995,1
195033,1
195154,1
195223,1
195416,1
195725,1
195783,1
195852,1
195909,1
196019,1
196079,1
196162,1
196174,1
196222,1
196248,1
196365,1
196462,1
196712,1
196912,1
197099,1
197381,1
197416,1
197445,1
197495,1
197616,2
197853,1
197921,3
198166,1
198234,1
198254,1
198294,1
198329,1
198742,1
198764,1
198908,1
199194,1
199363,1
199391,1
199515,1
199568,1
199627,1
199641,1
199723,1
199854,1
199900,1
200114,1
200294,1
200354,1
200583,1
200670,1
200733,2
200769,1
200859,1
200998,1
201105,1
201221,1
201295,1
201422,1
201587,1
201724,1
201866,1
201899,2
202672,2
202967,1
203042,1
203068,1
203743,1
203768,1
203773,1
203784,1
203914,1
204008,2
204171,2
204177,1
204211,1
204227,1
204348,1
204575,1
204594,1
204832,1
204919,1
205180,1
205232,1
205267,1
205287,1
205422,1
205482,1
205497,1
205658,1
205818,1
205905,1
206154,1
206159,1
206246,1
206395,1
206424,1
206465,2
206728,3
206862,1
206925,1
206961,1
207158,1
207237,1
207387,1
207531,1
207561,1
207602,1
207709,1
207837,1
208471,1
208473,1
208487,1
208578,1
208590,2
208657,1
208759,1
208785,1
208935,1
209094,1
209294,1
209603,1
209763,1
209791,1
210012,3
210227,1
210361,1
210558,1
210584,1
210739,1
210971,1
211255,1
211343,1
211586,1
211650,1
211754,1
211861,1
211943,1
212140,1
212296,1
212352,1
212677,2
212744,1
212923,1
212947,1
212964,1
213002,1
213064,1
213069,1
213203,1
213296,1
213299,1
213389,3
213543,1
213615,1
213877,1
213935,1
213983,1
214078,1
214195,2
214325,1
214386,1
214620,1
214628,1
214750,1
214773,1
214981,1
215038,1
215047,1
215144,1
215151,1
215155,2
215211,1
215407,1
215453,1
215473,2
215637,1
215705,1
215716,1
216099,1
216126,1
216189,1
216207,1
216345,3
216476,1
216564,1
216575,1
216718,1
216722,1
217110,1
217125,1
217217,1
217225,1
217343,1
217421,2
217450,1
217709,1
217720,1
217930,1
217944,1
218027,1
218080,1
218125,1
218468,1
218590,1
218654,1
218781,1
218864,1
219103,1
219232,1
219382,1
219584,1
219687,1
219846,1
219894,2
220180,1
220462,1
220470,1
220549,1
220588,1
220928,1
221001,2
221067,1
221357,1
221564,1
222007,1
222090,1
222255,1
222320,1
222480,1
222527,1
222640,1
222785,1
222806,1
223345,1
223473,1
223503,1
223865,1
223870,1
223927,1
223992,1
224133,2
224158,1
224186,1
224207,1
224263,1
224470,1
224472,2
224492,1
224494,2
224856,1
224904,2
224936,1
224960,1
224992,1
225235,1
225307,1
225384,1
225466,1
225602,1
225995,1
226106,1
226668,1
226675,2
226774,1
227059,1
227089,1
227312,1
227347,1
227389,1
227453,1
227501,1
227812,1
228178,1
228307,1
228324,1
228402,1
228437,1
228439,1
228572,1
228617,1
228758,1
229048,1
229127,1
229366,2
229436,1
229490,1
229503,1
229514,1
229586,1
229622,1
229722,1
229786,1
229798,1
229947,1
229968,1
230025,1
230319,3
230326,1
230333,1
230473,1
230550,1
230814,1
230894,1
230896,1
230932,2
231220,2
231273,1
231280,1
231379,1
231454,1
231461,1
231541,2
231655,1
231672,1
231705,1
231745,2
231764,2
231850,1
232078,1
232121,1
232194,1
232263,1
232306,1
232346,1
232376,2
232606,1
232625,1
232703,1
232782,1
233087,2
233141,1
233169,1
233174,2
233179,1
233209,1
233306,1
233326,2
233499,1
233627,1
233641,1
233736,1
233754,1
233786,1
233891,1
233912,1
234016,1
234168,1
234408,1
234553,1
234636,1
234752,1
234931,1
235004,1
235407,1
235500,1
235553,1
235742,1
235828,1
235945,1
236065,1
236095,1
236121,1
236136,1
236232,1
236300,1
236316,1
236755,1
236956,1
237048,1
237609,1
237869,1
237948,1
237977,2
238175,1
238343,1
238459,2
238462,1
238556,1
239078,1
239219,1
239288,1
239298,1
239385,2
239577,1
239612,1
239896,1
239903,1
240015,1
240104,1
240141,1
240281,1
240372,1
240402,1
240459,1
240557,1
240702,1
240890,1
241029,1
241073,1
241079,1
241202,1
241218,1
241254,1
241333,1
241663,3
241676,1
241698,1
241744,1
241853,1
242138,1
242349,1
242368,1
242422,1
242472,2
242718,1
242861,1
242924,1
242998,1
243102,1
243114,1
243139,2
243191,1
243255,1
243351,1
243494,1
243631,1
243704,1
243732,1
243790,1
244066,1
244166,1
244169,1
244188,1
244269,1
244280,1
244379,1
244435,1
244742,3
244764,1
244958,1
245356,1
245566,1
245993,1
246067,1
246173,1
246236,1
246360,2
246386,1
246490,1
246760,1
246804,1
246928,1
246967,1
246980,2
247036,1
247049,1
247057,1
247158,1
247203,1
247233,1
247360,1
247420,1
247485,1
247691,1
247705,1
247740,1
247903,1
247989,1
248050,1
248349,1
248537,1
248538,1
248618,1
248745,1
248890,2
249072,1
249469,1
249707,1
249738,1
249747,1
250178,1
250589,1
250637,1
250810,1
250982,1
251147,1
251201,2
251273,2
251399,1
251448,2
251475,1
251581,1
251584,1
251658,1
251733,1
251925,1
251984,1
252110,1
252154,1
252186,1
252994,1
253071,1
253080,1
253108,1
253429,1
253469,1
253517,1
253749,1
253842,1
253844,1
253878,1
253882,1
254004,1
254119,2
254230,1
254256,2
254479,1
254743,1
254893,1
255115,1
255308,1
255310,1
255328,1
255400,1
255527,2
255533,1
255621,1
255624,1
255626,3
255691,1
255694,1
255912,1
255927,1
256056,1
256112,1
256755,1
256774,1
257021,1
257267,1
257381,1
257615,1
257940,1
257958,1
258124,1
258170,1
258186,1
258215,1
258217,1
258234,1
258251,1
258267,1
258459,1
258547,1
258733,1
258852,1
258884,1
259033,1
259078,1
259130,1
259132,1
259359,1
259465,1
259541,1
259747,1
259780,1
260062,1
260069,1
260411,1
260527,2
260783,1
260860,1
260938,1
260995,1
261151,1
261243,1
261335,1
261342,1
261533,1
261548,1
261608,1
261630,1
261638,1
261644,1
261906,1
262022,1
262063,1
262070,1
262076,1
262161,2
262391,1
262414,1
262523,1
262665,1
262668,1
262972,1
262974,1
263149,1
263334,1
263521,2
263524,1
263659,1
263713,1
263866,1
263867,1
263922,1
263971,1
264041,1
264070,2
264163,1
264621,1
264817,1
265174,1
265394,1
265641,1
265706,1
265763,2
265854,1
265915,1
266043,1
266144,1
266217,1
266261,1
266459,2
266531,1
266594,1
267039,2
267232,2
267246,1
267735,1
267738,1
267770,1
267805,1
267835,1
267972,1
268246,1
268751,1
268928,1
268965,1
269055,1
269061,1
269108,1
269208,1
269549,1
269645,1
269730,1
269739,1
269751,1
269753,2
269774,1
269932,1
270180,1
270215,1
270497,1
270609,1
270829,1
270859,1
270964,1
271146,1
271151,1
271259,1
271339,2
271348,1
271723,1
272021,1
272056,1
272123,1
272230,1
272588,1
272617,1
272625,1
272721,7
272855,1
273211,1
273544,1
273627,1
273746,1
273907,1
273924,1
274055,1
274081,2
274258,1
274520,1
274682,1
275000,1
275141,1
275240,1
275241,1
275300,1
275622,1
275628,1
275813,1
275877,1
275889,1
275908,1
275980,1
276026,1
276130,1
276209,1
276237,1
276282,2
276329,1
276335,1
276398,1
276496,1
276665,1
276827,1
276902,1
276904,1
276918,1
276930,1
277307,1
277402,1
277524,1
277610,1
277759,1
277791,1
278061,1
278162,1
278210,1
278370,1
278401,1
278487,1
278567,1
278590,1
278619,1
278679,2
278684,1
278957,1
279013,1
279126,1
279300,1
279321,1
279719,2
279741,1
279765,1
279858,1
279919,1
279922,1
279945,1
280034,1
280347,1
280596,1
280662,1
281190,1
281193,1
281254,1
281341,1
281432,1
281695,1
281737,1
281836,1
281924,1
281934,1
282038,1
282061,1
282129,1
282145,1
282233,1
282248,4
282263,1
282375,2
282580,1
282694,1
282745,1
283040,4
283121,1
283124,1
283149,1
283270,1
283453,1
283466,1
283646,1
283887,1
283973,1
283978,1
284033,1
284095,1
284205,1
284539,2
284559,1
284753,1
284788,1
284790,1
285016,1
285036,1
285192,1
285242,1
285490,2
285509,1
285556,1
285615,1
285645,1
285694,1
285739,1
285853,1
285874,1
285983,1
286041,1
286193,1
286341,1
286373,1
286424,1
286532,1
286750,1
287251,1
287328,1
287598,1
287869,1
287892,1
287893,1
287903,1
287918,2
288000,1
288071,1
288089,1
288120,1
288285,1
288417,1
288629,1
288764,1
288857,1
288903,1
289064,1
289086,1
289088,1
289377,1
289400,1
289467,1
289504,1
289796,1
289867,1
289952,1
290032,1
290033,1
290045,1
290083,1
290332,1
290501,1
290541,1
290592,1
290718,1
290727,1
290979,1
291094,1
291558,1
291791,1
291860,1
291881,1
292285,1
292325,1
292329,1
292469,1
292472,1
292537,1
292550,1
292879,1
292917,1
293032,1
293096,1
293121,2
293122,2
293235,1
293284,1
293398,1
293589,1
293718,3
293787,1
294216,1
294230,1
294306,1
294416,1
294504,1
294771,1
294841,1
294949,1
294955,1
295078,1
295239,1
295286,1
295372,1
295407,1
295448,1
295664,1
295805,1
295918,1
296052,1
296384,2
296413,1
296482,1
296577,1
296598,1
296677,1
296684,1
296692,2
296775,1
296805,1
296995,1
297152,1
297373,1
297566,1
297660,1
297745,1
297774,1
297857,1
297895,1
298017,3
298095,1
298160,1
298217,1
298306,1
298334,1
298616,1
298643,2
298815,1
298920,1
299013,1
299106,1
299173,1
299254,1
299286,1
299320,1
299714,1
299884,1
299924,1
300237,1
300240,1
300350,3
300412,1
300417,1
300501,1
300817,1
300888,1
300985,1
301086,1
301117,1
301248,1
301297,1
301382,1
301722,1
301891,1
302135,1
302292,1
302363,1
302449,1
302561,1
302590,1
302921,1
303095,1
303127,1
303201,1
303220,1
303414,1
303674,1
303770,2
303975,1
304049,1
304093,1
304337,1
304347,1
304385,1
304557,1
305121,1
305484,1
305782,1
305870,1
305964,1
305973,2
306608,1
306619,1
306701,1
306857,1
306897,1
306973,1
307091,1
307665,1
307847,1
307864,1
307939,1
308080,1
308108,1
308162,1
308404,1
308818,1
308967,1
309043,1
309283,1
309480,2
309825,1
309906,1
309934,1
310002,1
310038,1
310149,1
310288,1
310323,1
310351,1
310363,1
310739,1
310968,1
311162,2
311194,1
311227,1
311242,1
311287,1
311484,1
311562,1
311646,3
311830,1
311925,1
312120,1
312777,1
313086,1
313355,1
313691,1
313944,2
313952,1
314267,1
314421,1
314422,1
314447,1
314590,1
314630,1
314636,1
314745,1
314837,1
314894,1
314917,1
314943,1
315508,1
315893,1
315919,1
315957,2
316308,1
316336,1
316466,1
316608,1
316696,1
317093,1
317137,1
317454,1
317634,1
317652,2
317676,1
317688,1
317696,1
317838,1
317856,1
318049,1
318098,1
318219,1
318288,2
318356,1
318508,1
318732,1
318753,1
318806,1
318878,1
318909,1
318919,1
318980,1
319124,1
319245,1
319269,1
319351,1
319621,2
319647,1
319780,1
319959,1
320259,1
320434,1
320613,1
320639,2
320650,1
320690,1
320891,1
321068,1
321093,1
321214,1
321459,1
321499,1
321508,1
321535,1
321563,1
321588,1
321602,1
321641,1
321715,1
321733,1
321863,1
322045,1
322060,1
322092,1
322116,1
322175,1
322247,1
322269,1
322328,1
322461,1
322879,1
322979,1
323050,1
323108,1
323331,1
323534,1
323785,1
323860,1
323865,1
323955,2
324314,1
324471,1
324555,1
324578,1
324736,1
324768,1
324836,1
324976,1
324978,1
325076,1
325312,1
325402,1
325407,1
325477,1
325478,1
325506,1
325556,1
325653,1
325654,1
325736,2
325738,1
325773,1
325796,1
325831,1
325890,1
325983,2
326098,1
326168,1
326170,1
326257,1
326346,1
326369,1
326392,1
326403,1
326452,1
326525,1
326570,1
326657,6
326700,1
326732,1
326850,1
326901,1
326950,1
327052,1
327061,1
327066,1
327158,1
327204,2
327214,1
327229,2
327311,2
327358,1
327480,1
327529,1
327549,1
327605,1
327613,1
327643,2
327656,1
327795,1
327968,1
328043,1
328074,1
328094,1
328169,1
328173,1
328178,1
328198,1
328286,1
328354,1
328676,1
328886,1
329076,3
329116,1
329289,1
329298,1
329410,1
329422,4
329479,1
329584,1
329888,2
329934,1
330039,1
330243,1
330582,2
330701,1
331158,1
331195,1
331419,1
331445,1
331462,1
331681,1
331712,1
331718,1
331737,1
331832,1
331937,1
331955,1
332027,1
332349,2
332375,1
332456,1
332900,1
332993,2
333043,1
333321,1
333392,1
333976,1
334183,1
334398,1
334591,1
334670,1
334773,1
334926,1
334972,2
334973,1
335015,1
335036,1
335191,1
335372,1
335519,1
335522,1
335664,1
335690,1
335899,1
335985,1
336077,1
336093,1
336149,1
336269,1
336421,1
336513,1
336534,1
336554,1
336714,1
336716,1
336763,1
337036,1
337131,1
337330,1
337352,1
337444,1
337519,1
337635,2
337681,1
337735,1
337817,1
337823,1
337911,1
337991,1
338195,1
338533,2
338666,1
338748,2
338970,1
338985,1
339292,1
339388,1
339480,1
339641,1
339795,1
339804,2
340527,1
340665,1
340821,1
340856,1
340894,1
340999,1
341014,1
341016,1
341018,1
341221,1
341363,1
341380,1
341643,1
341661,1
341683,2
341716,1
341734,1
341751,1
341770,1
341789,1
341827,1
341857,1
341868,1
342108,1
342109,1
342152,2
342224,1
342265,1
342313,1
342375,1
342470,1
342555,1
342601,1
342626,1
343127,1
343164,1
343220,1
343265,1
343445,1
343530,1
343608,1
343709,1
343738,1
343761,1
343793,2
343804,2
344005,1
344013,1
344067,1
344183,1
344290,1
344413,1
344464,1
344554,1
344734,1
344766,3
344825,1
344974,1
345004,1
345045,1
345098,1
345472,1
345583,2
345655,1
345727,1
345736,1
345762,1
345894,1
345933,1
346007,1
346027,1
346088,1
346229,1
346380,2
346449,1
346532,2
346886,1
346911,1
347223,1
347226,1
347304,1
347457,1
347470,1
347588,3
347795,1
347838,1
348362,1
348382,1
348385,1
348498,1
348624,1
348657,1
349076,1
349079,2
349094,1
349150,1
349220,1
349268,1
349398,1
349432,2
349807,1
349840,1
350150,1
350303,1
350544,2
350763,2
350876,1
350920,1
350928,2
350929,1
350998,1
351034,2
351086,1
351147,1
351169,1
351248,2
351332,1
351555,1
351560,1
351708,1
351720,1
351734,1
351757,1
351964,1
351985,1
352259,1
352356,2
352373,1
352380,1
352546,1
352646,1
352699,1
352813,1
353372,1
353409,1
353787,1
354383,1
354520,1
354667,1
354834,2
355002,2
355117,1
355160,1
355309,1
355358,1
355438,1
355643,2
355663,1
355792,1
355863,1
355886,1
356159,1
356246,1
356352,1
356771,1
356899,1
356976,1
357177,1
357200,1
357258,1
357289,1
357448,1
357528,1
357710,1
357714,1
357764,1
357967,2
357972,1
358220,1
358269,1
358406,2
358445,2
358719,1
358786,2
358805,1
358877,1
358914,1
358940,1
359006,1
359106,1
359127,1
359332,1
359429,1
359480,1
359496,1
359523,1
359526,1
359569,1
359583,1
359715,1
359780,2
359798,1
360514,1
360570,1
360833,1
360836,1
360859,1
360877,1
360994,1
361012,1
361026,1
361272,1
361331,1
361506,1
361572,1
361656,1
361671,2
361750,1
361887,2
361922,1
362040,1
362252,1
362351,1
362355,1
362364,1
362476,3
362522,1
362658,1
362688,1
362767,1
362856,1
362862,1
362890,1
362968,3
362985,1
363105,1
363145,1
363331,1
363349,1
363564,1
363598,1
363674,1
363820,1
363849,1
363863,2
363927,1
363930,1
363939,1
364072,1
364187,1
364261,1
364431,1
364436,1
364669,1
364711,1
364732,2
364819,1
364917,1
364952,1
365009,1
365178,1
365258,1
365264,1
365663,1
365820,1
365853,1
366028,1
366274,1
366510,1
366607,2
366636,1
366677,1
366929,1
366944,1
366951,1
366958,1
367013,1
367050,1
367152,1
367194,1
367408,1
367512,1
367645,1
367799,1
367897,2
368200,1
368337,1
368362,1
368612,1
368654,1
368690,1
368693,1
368874,1
368882,2
368931,1
369093,1
369258,1
369403,1
369509,1
369577,2
369665,1
369784,1
369841,1
369892,1
369901,1
369909,1
370318,1
370420,1
370551,1
370596,1
370735,1
370757,1
370785,1
370841,1
370894,1
370992,1
371040,1
371217,1
371301,1
371379,1
371566,1
371676,1
371688,1
371851,1
371855,1
371919,1
372023,1
372183,1
372464,1
372498,1
372695,1
372793,1
372858,1
373046,1
373126,2
373358,2
373561,1
373640,1
373735,1
373764,1
373817,1
373885,1
373981,1
374068,1
374080,1
374194,1
374348,1
374368,1
374377,1
374414,1
374492,1
374548,2
374698,1
374724,1
375298,1
375418,1
375501,1
375628,1
375713,1
375741,1
375785,1
375843,1
375903,1
376134,2
376196,1
376198,1
376236,1
376279,1
376283,1
376293,2
376491,1
376493,1
376777,1
376839,1
376863,2
376972,1
377063,1
377276,1
377346,1
377514,1
377601,1
377725,1
377885,1
377938,1
378042,1
378760,1
378769,1
378922,1
378983,1
379039,1
379052,1
379115,1
379122,1
379177,1
379248,1
379320,1
379376,2
379415,1
379436,2
379480,1
379622,2
379623,1
379773,1
379859,1
379983,1
380016,1
380099,1
380213,1
380291,1
380610,1
380690,1
380701,1
380849,1
380874,1
381198,1
381201,1
381342,1
381477,1
381563,1
381807,1
381861,1
381890,1
381912,1
381987,1
382120,1
382286,1
382308,1
382312,2
382496,1
382764,1
382992,1
383005,1
383166,1
383187,1
383501,1
383537,1
383693,1
383745,1
383764,1
383801,1
383910,1
384366,1
384391,1
385144,3
385302,1
385726,1
385736,1
385748,1
385765,1
385813,1
385908,1
385952,1
386011,1
386066,1
386351,1
386393,1
386476,1
386549,1
386592,1
386836,1
386973,2
387042,1
387078,1
387219,1
387484,1
387495,1
387653,1
387704,1
387921,1
388011,1
388206,1
388242,1
388350,1
388625,1
388719,1
388746,1
389162,1
389205,1
389304,1
389423,1
389432,1
390224,1
390278,1
390325,1
390387,1
390422,1
390539,1
390665,1
391152,1
391272,1
391362,2
391363,1
391413,1
391427,2
391516,1
391684,1
391689,1
392110,1
392143,1
392374,1
392545,1
392590,1
392884,1
392972,1
393035,1
393072,1
393182,1
393430,1
393520,1
393524,1
393798,1
393872,1
394021,1
394115,1
394222,1
394354,1
394663,1
394693,1
394790,1
394869,1
395014,1
395143,1
395213,1
395386,1
395552,1
395796,1
395805,1
395847,1
395994,1
396545,1
396597,1
396686,1
396691,1
396864,1
397150,1
397200,2
397291,1
397381,1
397516,1
397567,1
397873,3
397975,1
398022,1
398148,1
398280,1
398335,1
398607,1
398781,1
398791,1
398805,2
398854,1
398874,1
398875,1
398938,1
399209,1
399214,1
399302,1
399402,1
399835,1
399971,3
400045,1
400281,3
400626,1
400807,1
400923,2
400927,1
400939,1
401078,1
401357,1
401410,1
401488,1
401518,1
401730,1
401749,1
401791,1
401903,1
402043,1
402102,1
402129,1
402158,1
402175,1
402334,1
402435,1
402544,1
402719,1
402727,1
403136,1
403175,1
403310,1
403621,1
403683,1
404518,1
404695,1
404909,2
405138,1
405288,1
405391,1
405490,1
405499,1
405503,1
405575,1
405675,1
405912,1
406050,1
406266,1
406343,1
406483,1
406888,1
406892,1
406974,1
407158,1
407688,1
407696,1
407804,1
408456,1
408746,1
409011,1
409246,1
409462,2
409578,1
409582,1
409687,1
409992,1
410150,1
410229,1
410277,1
410338,2
410586,1
410857,1
410926,2
410980,1
410987,1
411249,1
411389,1
411448,1
411508,1
411522,1
411725,1
411862,1
412057,2
412106,1
412160,1
412239,2
412312,1
412386,1
412395,1
412453,3
412550,1
412608,1
412699,1
412718,1
412742,1
412750,1
412756,1
412806,1
412843,1
412852,2
413053,1
413130,1
413337,1
413340,1
413383,1
413440,1
413629,1
413642,1
413654,1
413680,1
413692,1
413788,1
413881,1
413921,1
413961,1
413985,1
414018,1
414182,1
414293,1
414352,1
414514,1
414518,1
414676,2
414833,1
414860,1
414976,1
415193,1
415278,1
415720,1
415753,1
415899,1
415960,1
415993,1
416103,1
416471,1
416691,1
416964,1
417018,1
417019,1
417213,1
417228,1
417539,1
417643,1
417796,1
417824,1
417845,1
417924,1
417983,1
418059,2
418471,1
418850,1
419033,1
419241,1
419253,1
419403,2
419458,2
419523,1
419642,1
419729,1
420048,2
420100,1
420257,1
420392,1
420653,1
420699,1
420722,1
420767,1
420849,2
420855,2
420871,1
421082,1
421197,1
421240,1
421281,1
421486,2
421559,1
421696,1
421726,1
421763,1
421827,1
421945,1
421966,1
421998,1
422088,1
422149,1
422262,1
422398,1
422417,1
422433,2
422473,1
422555,1
422645,1
422755,2
422900,1
423005,1
423069,1
423071,1
423221,1
423270,1
423482,1
423660,1
423779,1
424120,1
424608,1
424609,1
424714,1
424933,1
425129,1
425156,2
425314,1
425411,1
425506,1
425531,1
425942,7
426018,1
426053,1
426084,1
426089,1
426151,1
426512,2
426735,1
426770,1
426783,1
426875,1
426990,1
427018,1
427459,1
427586,1
427602,1
427928,2
427990,1
428244,1
428457,1
428668,1
428755,1
429264,1
429300,1
430084,1
430172,1
430352,2
430424,1
430803,1
430818,1
430975,1
431044,1
431080,1
431226,2
431237,1
431242,1
431428,1
431485,3
431510,2
431600,1
431658,1
431794,1
431907,1
432026,1
432097,1
432242,1
432378,1
432613,1
432636,1
432663,1
432675,1
432865,1
432945,1
433035,1
433055,1
433281,1
433291,1
433380,2
433479,2
433484,2
433669,1
433936,1
433957,1
433981,1
434220,1
434260,1
434405,1
434465,1
434475,1
434487,1
434584,1
434613,1
434747,1
434773,1
434834,1
434871,1
434891,3
434972,1
435285,1
435370,1
435401,1
435419,1
435435,1
435809,1
436172,1
436227,1
436230,1
436334,1
436424,1
436434,2
436868,1
436910,1
436946,1
437060,1
437097,2
437396,1
437447,1
437526,1
437625,1
437641,1
437745,1
437778,1
437814,1
437845,1
438147,1
438159,1
438214,1
438342,1
438434,1
438474,1
438643,3
438746,1
438992,1
439014,1
439056,2
439192,1
439331,1
439444,1
439534,1
439627,1
439787,1
440283,1
440290,1
440309,1
440488,1
440579,1
440587,1
440727,1
440741,1
440744,1
441093,1
441140,1
441291,1
441311,1
441399,1
441631,1
441744,1
442020,1
442140,1
442375,1
442525,1
442962,1
443083,1
443149,2
443283,1
443354,1
443525,1
443735,1
443825,2
443919,1
444099,1
444167,1
444199,1
444336,1
444341,1
444542,1
444669,1
444781,1
444821,1
445057,1
445252,1
445334,2
445381,1
445382,1
445505,1
445541,2
445548,1
445593,1
445613,2
445791,1
445813,1
445865,1
446013,1
446177,1
446185,1
446230,1
446238,1
446290,1
446313,1
446358,1
446462,1
446523,1
446555,1
446593,2
446651,1
446666,1
446815,1
447027,1
447119,1
447221,1
447418,1
447426,1
447512,1
447691,1
447793,1
448403,1
449170,2
449226,1
449350,1
449426,1
449559,1
449608,1
449629,1
449803,1
449910,1
449985,1
450003,1
450051,1
450074,1
450131,1
450240,2
450289,1
450529,1
450542,1
450638,1
450748,1
450814,1
450815,2
451068,1
451571,1
451584,1
451768,1
451872,1
452043,1
452148,1
452270,1
452373,1
452467,1
452502,2
452603,1
452611,1
452731,1
452777,1
452899,2
452933,2
453015,1
453147,1
453203,1
453436,1
453457,1
453606,1
453721,1
453802,1
453871,1
454246,1
454359,2
454629,1
454692,1
455199,1
455215,1
455301,1
455470,1
455533,1
455623,2
456098,1
456099,3
456140,1
456142,1
456380,1
456390,1
456498,1
456540,1
456544,1
456545,1
456565,1
456630,1
456699,1
456789,2
456831,1
456864,1
456925,1
457274,1
457299,1
457332,1
457488,2
457672,1
457821,1
458020,1
458130,2
458200,1
458449,1
458593,1
458828,1
458909,1
458949,1
459184,1
459322,1
459378,1
459569,1
459615,1
459640,1
459723,1
459815,1
459819,1
459841,1
459854,1
460019,1
460109,1
460128,1
460278,1
460466,1
460540,1
460569,1
460577,1
460596,1
460661,1
460936,1
461055,1
461124,1
461140,1
461277,1
461613,1
461671,1
461676,2
461771,1
461822,1
461831,3
462013,1
462055,1
462334,1
462614,1
462770,1
462779,1
463132,1
463207,1
463474,1
463738,1
463781,1
463936,1
463970,1
464095,2
464270,1
464292,1
464549,1
464740,3
464767,1
464987,1
465099,1
465252,1
465333,2
465480,1
465554,1
465562,1
465703,1
465859,1
465879,1
465911,1
465918,1
466035,1
466057,1
466234,1
466330,1
466397,1
466541,1
466645,1
466946,1
467067,1
467150,1
467185,1
467235,1
467309,1
467361,1
467379,1
467533,2
467556,1
467768,1
467789,1
468149,1
468473,1
468752,1
468878,1
469164,1
469265,1
469356,1
469448,1
469477,1
469708,2
469916,1
470138,1
470199,1
470291,1
470355,1
470424,1
470426,1
470458,1
470470,1
470496,1
470625,1
470707,1
470726,3
470861,1
470946,1
471087,1
471089,1
471216,1
471717,1
471724,1
471787,1
471903,1
471963,1
472112,2
472165,1
472212,1
472392,1
472456,2
472480,1
472482,1
472553,1
472556,2
472598,1
472644,1
472649,1
472704,1
473042,1
473100,1
473455,1
473544,1
473639,1
473868,1
473906,1
473917,1
474068,1
474120,1
474123,4
474234,1
474363,1
474467,1
474478,1
474528,1
474552,1
474708,1
474751,1
474799,1
474876,1
474968,1
475144,1
475162,1
475184,1
475296,1
475379,1
475500,1
475976,1
476138,1
476162,1
476176,1
476216,1
476269,2
476394,1
476460,1
476508,1
476638,2
477168,1
477256,1
477417,1
477593,1
478013,1
478016,1
478077,1
478153,1
478290,1
478357,1
478418,1
478618,1
478679,1
478697,1
478724,1
478792,1
478799,1
478833,1
478861,1
479171,1
479267,1
479472,2
479480,1
479856,1
480028,1
480114,1
480490,1
480601,1
480684,2
480694,1
480711,1
480788,1
480798,1
480909,1
481047,1
481172,1
481177,2
481273,1
481592,1
481618,2
481661,2
481728,1
481766,1
481768,1
481915,1
482363,1
482701,1
482707,1
483037,2
483226,1
483243,1
483397,1
483421,1
483562,1
483637,1
483840,1
483879,1
483923,1
484125,1
484138,1
484194,1
484196,1
484218,1
484257,1
484392,1
484459,1
484817,1
484856,1
484933,1
485012,1
485069,2
485101,1
485233,1
485523,1
485625,2
485631,2
485672,1
485745,1
485778,1
485823,1
485909,1
485980,1
486017,1
486096,1
486107,1
486136,1
486189,1
486203,1
486432,1
486833,1
487201,1
487651,2
487989,1
488395,1
488450,1
488478,1
488489,1
488566,1
488859,1
489173,2
489441,1
489468,1
489583,1
489761,1
489973,1
490018,1
490087,3
490134,2
490187,1
490253,1
490414,1
490659,1
490726,1
490789,1
490886,1
491118,1
491153,1
491345,1
491402,2
491435,1
491458,1
491525,1
491601,1
491644,1
491696,1
491769,1
491878,1
491983,1
492089,1
492171,1
492209,1
492261,1
492276,2
492700,1
492788,1
492815,1
493187,1
493441,1
493505,1
493621,1
493645,1
494010,1
494023,2
494107,1
494367,1
494372,1
494379,1
494474,1
494597,1
494642,1
494918,1
495051,1
495088,2
495186,1
495198,1
495339,1
495737,1
495954,1
496491,1
496558,1
496736,1
496843,1
496853,2
496925,1
497284,3
498035,1
498119,1
498184,1
498394,1
498428,1
498480,1
498535,1
498769,1
499434,6
499477,1
499492,1
499526,1
499575,1
499612,1
499689,1
500126,1
500282,1
500426,1
500480,1
500536,1
500694,2
500910,1
500933,1
500949,1
501188,1
501292,1
501414,1
501453,1
501478,1
501587,1
501893,1
502025,3
502046,1
502173,1
502248,1
502309,1
502376,1
502404,1
502720,1
502775,1
502788,1
502900,1
503058,1
503294,1
503475,1
503558,1
503883,1
503976,1
504054,1
504061,1
504153,3
504222,1
504266,1
504283,1
504295,1
504365,1
504411,2
504611,1
504714,1
504744,1
504781,1
504806,1
505115,1
505129,1
505184,1
505196,2
505432,1
505490,1
505698,1
505849,1
505887,1
505911,2
506000,1
506393,1
506680,1
506690,1
506826,1
506904,1
507036,1
507158,1
507276,1
507308,1
507340,1
507578,1
507624,1
507855,2
507905,1
507927,1
508104,1
508138,1
508251,1
508318,1
508338,1
508512,2
508539,1
508551,1
508666,1
508739,1
508899,1
508962,1
508983,1
509082,1
509129,2
509310,1
509340,1
509422,1
509620,1
509701,1
509861,1
510139,1
510164,1
510465,1
510472,1
510539,1
510772,1
510781,1
510815,1
510857,1
511328,1
511359,1
511421,1
511482,1
511484,1
511532,1
511611,1
511662,1
511685,2
511697,1
511980,2
512115,1
512165,1
512176,1
512243,1
512471,1
512481,2
512670,1
512705,1
512717,1
512721,1
512774,1
512892,2
512942,1
513432,1
513505,1
513702,1
513802,1
513825,1
513853,1
514059,1
514207,1
514271,1
514319,1
514465,1
514500,1
514598,1
514775,1
514982,1
515058,1
515065,1
515259,1
515284,1
515613,1
515786,1
516068,2
516187,1
516578,1
516701,2
516754,1
516919,1
517002,1
517124,1
517285,1
517390,1
517475,1
517477,1
517537,1
517601,1
517604,1
517835,1
518103,1
518165,2
518177,1
518469,1
518500,1
518706,1
518911,1
518998,1
519252,1
519356,1
519406,1
519441,1
519655,1
519773,1
519827,1
519916,2
519990,1
520016,1
520021,1
520109,2
520171,1
520466,1
520581,1
520694,1
520816,2
520926,1
521030,1
521284,1
521415,1
521487,1
521637,1
521701,1
521786,1
522154,1
522170,1
522443,1
522576,1
522667,1
522721,1
522744,2
522802,2
523002,1
523054,1
523306,1
523691,1
523969,1
524075,2
524079,1
524161,1
524198,1
524232,1
524399,1
524466,1
524508,1
524572,1
524731,2
524765,1
524843,1
524966,1
525029,1
525189,1
525280,1
525307,1
525406,1
525438,1
525570,1
525576,1
525580,1
525610,1
525645,2
525885,1
526071,1
526085,1
526106,1
526257,1
526338,1
526523,1
526565,1
526737,1
526761,1
526881,1
527026,1
527291,1
527336,1
527365,1
527519,1
528049,1
528070,1
528334,1
528415,1
528464,1
528477,1
528526,1
528680,1
529047,1
529187,1
529597,1
529763,2
529908,1
530164,2
530530,1
530727,1
530988,1
531032,1
531069,1
531588,1
531646,1
531681,1
531768,1
531799,1
532032,1
532130,1
532178,3
532275,1
532290,1
532678,2
533439,2
533650,1
533769,1
533887,1
534032,1
534073,1
534132,1
534133,1
534361,1
534471,1
534603,1
534708,1
534999,1
535135,1
535452,3
535514,1
535598,1
535899,1
535991,2
536069,1
536231,1
536284,1
536502,1
536530,1
536621,1
536636,1
536678,1
536687,1
536734,1
536931,1
536954,1
537035,1
537293,1
537541,1
537557,1
537701,1
537808,1
537963,1
537970,1
537982,1
538046,2
538073,1
538187,1
538192,1
538362,1
538402,1
538464,1
538539,1
538603,1
538674,1
538680,1
538827,1
538894,1
539016,1
539068,1
539122,1
539326,1
539363,1
539558,1
539617,1
539647,1
539659,1
539835,1
539875,1
540045,2
540093,1
540182,1
540650,2
540718,1
540874,1
541065,1
541068,1
541537,1
541664,1
541670,1
541796,1
541825,1
542010,1
542065,1
542071,1
542157,1
542196,1
542382,1
542403,1
542469,1
542474,1
542761,2
542791,1
542971,2
543023,2
543178,1
543475,1
543489,1
543551,1
543789,1
543856,1
543945,1
543952,1
544011,1
544183,1
544222,1
544262,1
544305,1
544506,1
544563,1
544730,1
544775,1
544896,1
545308,1
545399,1
545442,1
545586,1
545786,1
546133,1
546172,1
546528,1
546611,1
546615,1
546639,1
546672,1
546685,1
546808,1
546879,1
546916,1
547033,2
547201,1
547212,1
547252,1
547409,1
547480,1
547768,1
548275,1
548496,1
548703,1
548809,1
548817,1
548865,1
548886,1
548963,1
548982,1
549138,1
549205,1
549206,1
549224,1
549274,1
549315,1
549393,1
549529,1
549594,1
549809,2
549858,1
549947,1
549952,2
549963,1
549980,2
550051,1
550440,1
550574,1
550702,1
551021,1
551035,1
551223,1
551393,1
551580,1
551724,1
551916,2
551936,1
551967,1
551982,1
552147,1
552183,1
552214,1
552423,1
552495,1
552680,1
552751,1
552847,1
552875,1
553072,1
553086,1
553239,1
553366,1
553392,1
553512,1
553599,1
553627,1
553722,1
553977,1
554158,1
554264,1
554298,1
554382,1
554434,1
554583,1
554616,1
554624,2
554637,1
554809,1
554848,1
554876,1
554922,1
554970,1
555258,2
555305,1
555502,1
555547,1
555821,2
555879,2
556044,1
556768,1
556787,1
557056,2
557150,1
557395,1
557608,1
557667,1
557710,1
557770,1
557843,1
558010,1
558082,1
558096,1
558193,2
558427,1
558430,1
558649,1
558696,1
558758,2
558774,1
558889,1
559074,1
559216,1
559502,1
559507,1
559583,1
559594,1
559647,2
559935,1
559962,1
560079,1
560163,1
560178,1
560217,1
560238,1
560387,1
560411,1
560612,1
560631,2
560735,8
560739,1
560871,1
560976,1
561007,1
561105,1
561170,1
561225,1
561269,1
561389,2
561390,1
561777,1
561976,1
562042,1
562099,2
562117,1
562231,1
562282,1
563018,1
563310,1
563313,1
563404,1
563410,1
563419,1
563421,1
563687,1
563990,1
564350,1
564440,1
564447,1
564524,1
564591,1
564644,1
564675,1
564827,1
564905,1
564968,1
565006,1
565250,1
565258,2
565302,1
565649,1
565749,1
565768,1
565824,1
565930,1
565967,1
565992,1
566052,1
566060,2
566266,1
566274,1
566316,1
566493,2
566788,1
566856,1
566956,1
567005,1
567277,1
567366,2
567427,1
567709,1
567796,1
568033,1
568255,1
568274,1
568369,1
568406,1
568451,2
568768,3
568827,1
568856,1
569006,1
569055,1
569069,3
569174,1
569191,1
569233,1
569477,1
569490,2
569534,1
569565,1
569606,2
569913,2
570005,1
570006,1
570072,1
570458,1
570685,1
570786,1
570831,1
570833,1
570907,1
571033,1
571207,1
571302,1
571313,1
571331,1
571513,1
571521,1
571657,1
571956,1
572071,1
572208,1
572248,2
572279,1
572353,1
572474,1
572589,1
572852,1
572925,1
573331,1
573337,1
573671,1
573708,2
573732,1
573992,2
574007,1
574036,2
574362,1
574404,1
574464,1
574570,3
574609,1
574621,1
574688,2
574704,1
574719,1
575187,1
575199,1
575961,1
576333,3
576417,1
576541,1
577030,1
577035,1
577070,1
577362,1
577446,1
577459,1
577475,1
577484,1
577547,1
577795,1
577832,1
577961,1
578090,1
578210,1
578460,1
578515,1
578582,1
578628,1
578661,1
578772,1
578864,1
578881,1
579094,1
579188,1
579303,1
579322,1
579339,1
579384,2
579450,1
579551,1
579591,1
579600,1
579624,1
579638,3
579688,1
579895,1
579909,1
579953,1
580014,1
580057,1
580089,1
580295,1
580343,1
580525,1
580818,2
580852,1
580956,1
581005,1
581395,1
581408,1
581680,1
581868,1
582076,2
582113,1
582161,1
582199,1
582321,1
582506,1
582535,1
582781,1
582975,1
582995,1
583243,1
583316,1
583497,1
583626,1
584148,1
584180,1
584424,1
584588,1
584682,1
584709,1
584767,1
584921,1
584930,1
585073,1
585436,1
585501,1
585550,1
585846,1
585966,1
586088,1
586160,1
586259,1
586275,1
586335,1
586542,2
586616,1
586657,2
586668,1
586691,1
586721,1
586749,1
586853,1
587018,2
587121,1
587455,1
587559,1
587579,1
587679,1
587831,1
587887,1
587896,1
587995,1
588031,1
588044,1
588099,1
588260,1
588375,1
588382,1
588413,1
588470,3
588530,1
588716,1
588753,1
588830,1
589291,1
589327,1
589713,2
589845,1
589865,1
589992,1
590029,1
590191,1
590293,1
590311,1
590421,1
590567,1
590583,1
590591,1
590594,1
590720,1
591052,1
591382,1
591448,2
591451,1
591458,1
591494,1
591548,1
591554,1
591606,3
591674,1
591882,1
592027,1
592501,1
592504,1
592699,1
592743,1
592864,1
592873,2
592992,1
593187,1
593226,1
593240,1
593336,1
593445,3
593582,2
593590,1
593674,1
594062,1
594102,1
594179,1
594324,1
594539,1
594582,1
594686,1
594963,1
595010,2
595132,1
595145,1
595163,1
595211,1
595278,1
595330,1
595494,1
595573,1
595582,1
595617,1
595621,1
595728,1
595787,1
596046,1
596055,1
596083,1
596194,1
596425,1
596436,1
596463,1
596483,1
596498,1
596669,1
596721,1
597021,1
597146,1
597180,1
597307,1
597335,1
597557,1
597570,1
597697,1
597824,1
598023,1
598136,1
598467,1
598545,1
598627,1
598699,1
598945,1
599165,1
599278,1
599493,1
599499,1
599862,1
599959,1
600104,1
600214,1
600315,1
600410,1
600417,1
600465,1
600504,1
600531,1
600539,1
600545,1
600548,1
600722,1
600987,2
601003,1
601367,1
601739,1
601795,1
601930,1
602021,1
602047,1
602232,1
602271,2
602763,1
603429,1
603501,1
603642,1
603668,1
603978,1
604080,1
604221,1
604234,1
604323,1
604452,1
604462,1
604584,1
604714,1
604774,1
604805,1
604833,2
604974,1
605062,1
605107,1
605315,1
605775,1
605858,1
605883,1
605889,1
606015,1
606058,1
606389,1
606682,1
606820,1
606839,1
606867,1
606891,1
606940,1
606987,1
607185,1
607256,1
607858,1
607958,1
608117,1
608184,3
608448,1
608513,1
608720,1
608733,1
608916,1
608944,2
609010,1
609035,1
609258,1
609279,3
609349,1
609699,1
609729,1
609774,1
610054,1
610092,1
610209,1
610366,1
610372,1
610693,1
610777,1
611003,1
611043,5
611100,1
611192,1
611240,1
611452,1
611564,1
611667,1
611671,1
611764,1
611783,1
611848,1
612184,2
612293,1
612296,2
612391,1
612441,1
612555,1
612849,2
612859,2
613247,1
613279,1
613296,1
613393,1
613429,1
613614,2
613897,1
614339,1
614353,1
614500,1
614596,1
614696,1
614823,1
614897,3
614909,1
614940,2
615258,1
615454,1
615631,1
615687,1
615711,1
615839,1
615944,1
616024,1
616026,1
616122,1
616176,1
616586,1
616613,1
616676,1
616727,2
616925,1
617269,1
617293,1
617412,1
617502,1
617530,2
617587,1
617672,1
617746,1
617839,1
618083,1
618169,1
618305,1
618498,1
618500,1
618540,1
618649,1
618819,1
618822,2
618899,1
618979,2
618991,1
619020,1
619202,1
619434,1
619549,1
619581,5
619619,1
619768,1
619787,1
620340,1
620413,1
620418,1
620429,1
620543,1
620550,1
620840,1
620975,1
621096,1
621124,1
621290,1
621328,1
621444,1
621562,1
621612,1
621713,1
621925,1
621936,1
622137,1
622331,1
622332,1
622351,1
622412,3
622761,1
622942,1
622963,1
623220,1
623699,1
624036,1
624043,1
624381,1
624493,1
624539,1
624648,1
624764,1
624796,1
624900,1
624911,1
625098,1
625145,1
625541,1
625551,1
625571,1
625683,1
626428,1
626459,1
626480,1
626714,1
627400,1
627423,1
627462,1
627584,1
627659,2
628252,1
628379,1
628539,1
628713,1
628922,1
629236,1
629268,1
629364,1
629632,1
629882,1
629985,1
630302,1
630407,1
630508,1
630794,1
631248,1
631511,1
631749,1
631785,1
632176,1
632235,2
632378,1
632474,1
632580,1
632665,1
632719,1
632721,1
632784,1
632866,1
632969,1
633016,1
633086,2
633105,1
633131,1
633376,1
633385,1
633669,1
633890,1
634382,1
634503,1
634619,1
634973,1
635358,1
635413,3
635601,1
635685,1
635733,1
635734,1
635783,1
635850,1
635883,1
635946,1
636015,1
636184,1
636274,1
636317,1
636335,1
636370,1
636498,1
636520,1
636921,1
637094,1
637203,1
637246,1
637309,1
637428,1
637452,1
637604,1
637806,1
637812,1
637861,1
637884,1
637908,1
637948,1
638228,1
638308,1
638529,1
638696,1
638903,1
638990,1
639064,1
639077,1
639097,1
639378,1
639514,1
639648,1
639683,1
639818,1
639843,1
639921,1
639951,1
640230,1
640334,1
640427,2
640462,1
640594,1
640765,1
640966,1
641255,1
641300,1
641305,2
641506,1
641675,1
642179,1
642416,1
642455,1
642529,1
642558,1
642580,1
642722,1
642965,1
643032,1
643039,1
643089,1
643672,1
643681,1
643776,1
644073,1
644085,1
644276,1
644308,1
644491,1
644870,1
644889,1
645015,1
645141,1
645364,1
645390,1
645568,1
645806,1
645833,1
646004,1
646131,1
646191,1
646247,1
646280,1
646325,1
646455,1
646699,2
646710,2
646711,1
646798,1
646959,1
647169,1
647171,1
647175,1
647445,3
647618,1
647700,1
647982,1
648145,1
648414,1
648564,1
648921,1
648929,2
649036,1
649038,1
649108,1
649161,1
649459,1
649677,1
649919,1
649997,1
650035,1
650091,1
650177,1
650254,1
650260,1
650301,1
650354,2
650358,1
650425,1
650480,1
650490,1
650525,1
650711,1
650715,1
650780,2
650849,1
650900,1
651148,1
651157,1
651300,2
651373,1
651540,1
651612,1
651628,1
651720,3
651745,1
651989,1
652070,2
652152,1
652198,1
652285,1
652354,1
652474,1
652489,1
652508,1
652592,1
652600,2
652839,1
652867,1
653136,1
653248,1
653446,1
653815,2
653846,2
653867,1
653910,1
653992,1
654003,1
654109,1
654233,1
654750,1
654822,1
654941,1
655087,1
655096,1
655286,1
655617,1
655721,1
655734,1
655855,1
655878,5
656119,1
656141,1
656198,1
656199,1
656204,1
656362,2
656528,1
656537,2
656677,1
657146,1
657178,1
657432,1
657490,1
657513,1
657545,1
657609,1
657695,1
657803,1
657857,1
657943,1
657950,1
658087,1
658153,1
658204,2
658361,1
658425,2
658448,3
658589,1
658671,2
658906,1
658987,1
659102,1
659319,1
659719,1
660006,1
660116,1
660256,1
660261,2
660301,1
660530,1
660565,2
660579,1
660655,1
660756,1
660818,1
660891,1
661089,1
661386,1
661387,1
661954,1
662022,1
662265,1
662371,1
662658,1
662807,1
662860,1
663008,1
663049,1
663099,1
663257,1
663369,1
663425,1
663620,1
663698,1
664535,1
664551,1
664594,1
664637,1
664666,2
664690,1
664919,1
665087,1
665099,1
665249,1
665264,1
665765,1
666120,1
666199,1
666268,1
666403,1
666409,1
666533,1
666629,1
666731,1
666830,1
666920,1
666996,1
667026,1
667036,1
667069,1
667210,1
667257,1
667261,1
667264,1
667348,1
667478,3
667799,1
667838,1
667899,2
667944,1
668010,1
668043,1
668049,1
668099,1
668370,1
668599,1
668750,1
669249,1
669289,1
669378,1
669420,1
669483,1
669503,1
669519,1
669839,2
669943,1
669965,1
669993,1
670182,2
670669,1
670863,2
670876,1
670992,1
671345,1
671717,1
671771,1
671784,1
671795,2
671947,1
672078,1
672187,1
672191,1
672335,1
672382,1
672591,1
672653,1
672688,1
672802,1
673060,1
673086,1
673137,1
673373,1
673453,1
673516,1
673572,1
673601,1
673771,1
673870,1
673980,1
674028,1
674185,1
674224,1
674382,1
674430,1
674661,1
674717,1
674728,1
674769,1
674987,1
675164,1
675327,1
675349,1
675405,1
675526,1
675655,1
675742,1
676067,1
676334,1
676573,1
676579,1
676590,1
676842,1
677402,1
677485,1
677567,1
677617,1
677655,1
677737,1
677847,1
677959,1
678093,1
678131,1
678148,1
678476,1
678615,1
678806,1
678838,1
678934,1
679105,2
679245,2
679660,1
679792,1
679863,1
680033,1
680035,1
680044,1
680089,1
680158,1
680206,1
680213,1
681118,1
681144,2
681157,1
681453,1
681607,1
681683,1
681906,1
681947,1
682150,1
682183,1
682398,2
682470,1
682629,1
682687,1
682721,1
682772,1
683109,1
683340,1
683364,1
683377,1
683392,1
683449,1
683517,1
683752,2
683936,1
684524,1
684676,1
684772,1
684794,2
684831,1
684863,1
685029,1
685046,2
685097,2
685232,1
685901,1
686130,1
686261,1
686353,1
686453,1
686492,1
686527,2
686669,1
686843,1
686901,1
687006,1
687186,1
687389,1
687468,1
687629,1
687666,1
687686,1
687740,1
687849,1
687903,1
687980,1
688046,1
688144,1
688199,1
688206,1
688641,1
688657,1
688851,1
689043,1
689091,1
689114,1
689313,2
689606,1
689748,1
689810,1
689896,1
689898,1
689903,1
690096,1
690098,1
690196,1
690288,1
690374,1
690431,1
690495,1
690609,1
691050,2
691160,1
691179,2
691220,1
691265,1
691288,1
691439,1
691487,1
691510,1
691511,1
691680,1
691705,3
691729,1
692066,1
692226,1
692454,1
692455,1
692553,1
692613,1
692673,1
692800,1
692887,1
692929,1
693190,1
693564,1
693643,1
693706,1
694411,1
694572,1
694679,1
694716,1
694755,1
694883,1
695009,1
695225,1
695336,1
695419,1
695694,1
695761,1
695991,1
696070,1
696118,1
696212,1
696406,1
696420,1
696459,1
696534,1
696540,1
696644,1
696690,1
696703,1
696752,1
696847,1
696852,1
696902,1
696945,1
696978,1
697067,1
697094,1
697196,1
697256,2
697335,1
697376,1
697518,1
697671,1
697745,1
697761,1
697783,1
697861,1
697921,1
698096,1
698126,1
698199,1
698717,1
698735,2
698937,1
699533,1
700340,1
700474,1
700750,1
700764,1
701052,1
701065,1
701114,1
701217,1
701279,1
701446,1
701505,1
701639,1
701693,1
701744,1
702030,1
702174,1
702214,1
702400,1
702605,2
702676,1
702747,1
702856,1
703100,1
703226,1
703227,2
703303,1
703479,2
704036,1
704136,1
704171,1
704247,1
704384,1
704411,1
704415,1
704643,1
704747,1
705062,1
705614,1
705630,1
705828,1
705898,1
705959,1
705989,1
706068,1
706100,1
706153,2
706282,1
706289,1
706372,1
706553,1
706590,1
706699,1
707011,1
707039,1
707111,1
707296,1
707344,1
707720,1
707772,1
707793,1
707933,1
708133,2
708365,2
708455,1
708457,1
708597,1
708642,1
708748,1
708799,4
708872,2
709044,2
709183,1
709436,1
709484,1
709665,1
709732,1
709885,1
710200,1
710283,1
710393,1
710545,1
710616,2
710742,1
710994,1
711034,1
711038,1
711152,1
711325,1
711353,1
711451,1
711473,1
711641,1
711654,1
711666,1
711834,1
711878,1
712061,1
712132,1
712211,1
712316,1
712379,2
712537,1
712561,1
712610,1
712642,1
712745,1
712833,1
712980,1
713009,1
713025,1
713138,1
713242,1
713251,1
713641,2
713836,1
713872,1
713898,1
713910,1
714196,1
714238,1
714323,1
714370,1
714465,1
714495,1
714782,1
714794,1
714881,1
715103,1
715146,1
715268,1
715349,1
715540,1
715720,1
715822,1
715865,1
715964,1
715971,1
715980,1
716152,2
716238,1
716464,1
716485,1
716518,1
716663,1
716748,1
716805,1
717074,1
717196,1
717376,1
717566,1
717805,1
717878,1
717944,2
718012,1
718036,1
718380,1
718449,1
718658,1
718837,1
718915,1
719018,1
719045,1
719396,1
719634,1
719652,1
719967,1
720080,2
720220,1
720305,1
720326,1
720436,1
720472,1
720546,1
720668,1
720894,1
720996,2
721125,1
721265,1
721290,1
721653,1
721693,1
721731,1
721870,1
721951,1
721986,1
722270,1
722347,1
722379,1
722380,1
722410,1
722506,1
722567,1
722580,2
722622,1
722643,1
722685,1
722735,1
722956,2
723125,1
723169,1
723197,1
723262,1
723508,1
723574,1
723638,1
723875,1
723877,1
724004,1
724026,1
724061,1
724189,1
724449,1
724824,2
724923,1
724959,1
725014,1
725107,2
725263,1
725380,1
725387,1
725466,1
725767,1
725804,1
725805,1
726009,1
726906,1
726929,1
727019,1
727205,1
727249,1
727341,1
727375,1
727592,1
727613,1
727781,1
727803,4
727841,1
727849,1
728070,1
728169,1
728202,1
728485,1
728559,1
728601,1
728698,1
728850,1
728945,1
729193,1
729262,1
729375,2
729465,1
729490,1
729567,1
729620,1
729852,1
730008,1
730240,1
730322,1
730338,1
730609,1
730647,1
730735,1
730926,1
731071,1
731676,2
731725,2
731863,1
731886,1
732082,1
732216,1
732402,1
732516,1
732601,1
732650,1
732774,2
732841,1
733145,1
733161,1
733237,1
733443,1
733530,1
733556,1
733565,1
733721,1
733789,1
733921,1
733961,1
733994,1
734027,2
734044,1
734121,4
734138,1
734201,2
734218,1
734342,1
734383,1
734563,1
734605,1
734713,1
734735,1
734789,2
735138,1
735198,1
735225,1
735300,1
735310,1
735369,1
735670,1
735707,1
735885,1
735896,1
735908,1
736059,1
736137,1
736270,1
736319,1
736483,1
736521,1
736686,1
736693,1
736726,1
736732,1
736795,1
736847,1
736991,1
737006,1
737088,1
737239,1
737302,1
737381,1
737515,1
737540,1
737673,1
737714,1
737977,2
738185,2
738247,2
738477,1
738522,1
738667,1
738686,1
738702,1
738728,1
738971,1
739154,1
739183,1
739195,1
739460,1
739478,1
739534,1
739576,1
739598,1
739893,1
739924,1
739946,1
740099,1
740145,1
740181,1
740257,2
740419,1
740645,1
740708,1
740809,1
741042,1
741188,1
741317,2
741605,1
741867,1
741957,1
742339,1
742340,1
742466,1
742636,1
742685,2
742734,1
742747,1
742845,1
743019,1
743027,1
743044,1
743067,1
743393,1
743405,1
743514,1
743519,1
743767,1
743937,1
744214,1
744356,1
744541,1
744636,1
744748,1
744765,1
745134,1
745295,1
745331,1
745357,1
745435,1
745660,1
745762,1
745818,1
745952,1
745975,1
746119,1
746399,1
746648,1
746780,1
746950,1
747059,1
747096,1
747198,1
747608,1
747720,1
748032,1
748134,1
748273,1
748522,1
748766,1
748775,2
748847,1
749247,1
749282,1
749535,1
749580,1
749650,1
749880,1
749919,1
749942,1
750153,1
750288,1
750307,1
750608,1
750648,1
750723,1
750743,1
750962,1
751032,1
751183,1
751205,1
751386,2
751465,1
751507,1
751508,1
751519,2
751614,1
751701,1
751808,1
751869,1
751892,1
751945,1
751958,1
752060,1
752087,1
752193,1
752202,1
752288,1
752407,1
752621,1
752639,1
752648,1
752872,1
752904,2
753020,1
753055,1
753354,1
753371,2
753691,1
753728,2
753759,1
753805,1
753857,1
753935,1
754022,1
754132,1
754151,1
754621,1
754717,1
754721,1
754737,1
754791,1
754815,1
754825,2
754972,1
754976,1
754982,1
755254,1
755286,1
755595,1
755667,1
755669,1
755718,1
755924,1
756028,1
756521,1
756947,1
757107,1
757182,3
757508,1
757555,1
757580,1
757720,1
757765,1
757870,1
758175,1
758398,1
758458,1
758564,1
758659,1
758766,1
758874,1
758995,1
758998,1
759035,1
759245,2
759325,1
759356,1
759398,1
759455,1
759541,1
759685,1
759747,1
759804,1
759811,1
759830,1
759882,1
759969,1
760038,2
760075,1
760111,1
760190,1
760248,1
760382,1
760396,1
760572,1
760634,1
760852,1
760862,1
760915,4
761092,1
761108,1
761270,1
761302,1
761537,1
761659,1
761666,1
761952,1
762060,1
762114,1
762267,1
762340,1
762382,1
762528,1
762629,1
762666,1
762843,1
762981,1
763055,1
763187,1
763212,1
763367,1
763669,2
763726,1
763766,2
763828,1
763857,1
763951,1
764072,1
764272,1
764306,1
764505,1
764662,1
764728,1
764751,1
764773,1
764886,1
764888,1
765057,1
765264,1
765562,1
765662,1
765702,1
765982,1
766039,1
766143,1
766278,1
766532,1
766702,2
766778,1
767019,1
767079,1
767333,1
767441,2
767978,1
768309,1
768323,1
768361,1
768776,1
768898,1
768921,1
768985,1
769130,1
769131,1
769154,2
769271,2
769484,1
769495,1
769563,1
769789,1
769829,1
769866,1
769907,1
769927,1
770208,1
770273,1
770380,1
770753,1
770781,1
770875,1
771277,1
771340,1
771387,2
771540,1
771549,1
771689,1
771837,2
771961,1
771977,1
772164,1
772213,1
772518,2
772760,1
772916,1
772968,1
773158,1
773235,1
773262,1
773545,1
773611,1
773817,1
774101,1
774204,1
774329,1
774377,1
774551,1
774690,1
775013,2
775311,1
775553,1
775603,1
775798,1
775936,1
775969,1
776150,1
776254,1
776322,1
776459,1
776473,1
776497,1
776727,2
776882,1
776923,1
777089,1
777456,1
777664,1
777670,1
777700,1
778267,2
778283,1
778285,1
778293,1
778334,1
778429,1
778520,1
778556,1
778604,1
778920,1
779076,1
779304,1
779433,1
779571,1
779620,1
779622,1
779805,1
779881,1
780000,1
780050,1
780125,1
780384,1
780396,1
780566,1
780668,1
780752,1
780793,1
780809,1
780830,1
780863,1
781005,1
781062,1
781327,1
781430,1
781696,1
781803,1
782013,1
782065,1
782088,1
782317,1
782603,2
782976,1
783040,1
783122,1
783202,1
783355,1
783372,1
783460,1
783564,1
783627,1
783810,1
784009,1
784170,1
784573,1
784753,1
784764,1
784821,1
784928,1
785032,1
785106,1
785139,4
785215,2
785287,1
785364,1
785515,1
785665,2
785778,1
785787,1
785797,1
786020,1
786115,1
786144,1
786158,1
786303,1
786536,1
786611,1
787056,2
787260,1
787264,2
787577,1
787606,1
787627,2
787666,1
787695,1
788209,1
788273,1
788476,1
788534,1
788606,1
788867,1
789542,2
789546,1
789555,1
789645,1
789727,1
789902,1
789915,1
789978,1
790132,1
790191,1
790464,2
790573,1
790610,1
790692,1
790702,2
790802,1
790853,1
790986,1
791032,1
791133,1
791142,1
791174,1
791199,1
791287,1
791301,1
791323,1
791447,1
791506,2
791798,1
791854,1
792033,1
792264,1
792726,2
792831,1
792920,1
793065,2
793069,3
793265,4
793273,3
793289,1
793323,1
793520,1
793665,1
793687,1
793705,1
793709,1
793711,1
793959,1
794096,2
794202,1
794253,1
794266,1
794291,1
794710,1
794714,2
794907,2
794976,1
795156,1
795462,1
795487,1
795554,1
795670,1
795759,1
795850,1
795856,3
796000,1
796050,1
796298,2
796378,1
796596,1
796839,2
796905,1
797394,1
797454,1
797520,1
797716,1
797736,1
797808,1
797844,1
797870,1
798102,2
798181,1
798495,1
798507,1
798556,1
798732,1
798746,1
798807,1
798826,2
798979,1
799066,1
799305,1
799487,1
799579,1
799666,2
799738,2
799833,1
799855,1
799945,1
800112,1
800188,1
800749,1
800818,1
800879,1
800914,1
800933,1
800998,1
801089,1
801120,1
801215,1
801240,1
801358,2
801527,1
801720,1
801753,1
801828,1
801996,1
802313,1
802327,1
802344,1
802426,1
802465,1
802570,2
802571,1
802954,2
802993,2
803239,1
803260,1
803406,1
803441,1
803459,1
803507,1
803579,1
803613,1
803742,1
803904,1
804080,1
804157,1
804233,1
804475,1
804503,1
804990,3
805213,2
805249,1
805392,1
805395,1
805424,1
805430,1
805480,1
805534,1
805546,1
805919,1
806271,2
806345,1
806563,1
806687,2
806929,1
806981,1
807386,1
807404,1
807457,2
807673,2
807782,1
807824,1
807914,1
808109,1
808113,1
808228,1
808244,1
808282,1
808377,1
808557,1
808601,1
808608,1
808626,1
808628,1
808830,1
808845,1
808952,1
809040,1
809046,1
809149,1
809185,1
809275,1
809317,1
809403,2
809502,1
809567,1
809601,1
809622,1
809649,1
809690,1
809808,1
809978,1
810520,1
810708,1
810757,1
810807,1
811031,1
811116,1
811165,1
811273,1
811319,1
811444,1
811475,3
811476,1
811569,1
811681,1
811764,1
811852,1
811865,1
812116,1
812147,2
812307,1
812704,1
812955,1
813148,1
813207,1
813355,1
813505,1
813516,1
813577,1
813621,1
813881,1
813914,1
814018,1
814062,2
814070,1
814115,1
814124,1
814200,1
814201,1
814454,1
814463,1
814769,1
814875,1
814916,1
814952,1
815005,1
815008,1
815128,1
815560,1
815667,1
815839,1
815893,1
815928,2
815970,1
816297,1
816359,1
816394,1
816570,1
816912,1
816979,2
817090,1
817092,2
817098,1
817201,1
817298,1
817492,1
817579,1
817820,2
818105,1
818176,1
818254,1
818268,1
818274,1
818478,1
818569,1
818720,1
818839,1
819075,1
819087,1
819570,1
819591,1
819702,1
819825,1
819896,2
819904,1
819956,1
820044,1
820273,1
820308,1
820361,1
820585,1
820637,2
820649,1
820661,1
820692,1
820774,1
820889,1
821040,1
821365,1
821403,1
821414,1
822083,1
822159,1
822167,1
822168,1
822182,1
822229,1
822327,2
822411,1
822466,1
822618,1
822670,1
822767,1
823266,1
823283,1
823316,1
823361,1
823383,1
823435,1
823568,1
823621,1
823740,1
823826,1
823897,1
824173,1
824174,1
824532,1
824538,1
824663,1
824691,1
825305,1
825587,1
825835,1
826120,1
826156,1
826175,1
826261,1
826337,1
826436,1
826471,1
826613,2
826681,1
826700,1
826750,2
826977,1
827239,1
827312,1
827566,1
827622,1
827645,1
827757,1
827825,1
827873,1
828056,2
828060,1
828093,1
828216,1
828260,1
828392,2
828494,1
828593,1
828646,2
828678,1
828755,1
828759,1
828831,1
828950,1
828988,1
829151,1
829165,1
829249,2
829280,1
829308,1
829344,1
829371,1
829629,1
829642,1
830002,1
830210,1
830264,1
830320,1
830428,2
830501,1
830550,1
830802,1
830894,1
831026,1
831037,1
831111,1
831150,1
831182,1
831327,1
831370,1
831590,1
831599,1
831779,1
831802,1
831888,1
832184,1
832245,1
832310,1
832808,1
832828,2
832869,1
832936,1
833120,1
833236,1
833382,1
833402,1
833420,2
833430,1
833653,1
833665,1
833752,1
833939,1
834016,1
834089,1
834109,2
834146,1
834153,1
834250,1
834256,1
834273,1
834310,1
834405,1
834593,1
834681,1
834810,1
835060,1
835080,1
835209,1
835379,1
835451,1
835529,1
835632,1
835842,1
835899,1
835910,1
836006,1
836009,1
836248,1
836346,1
836447,1
836465,1
836601,1
836618,1
836647,1
836811,1
836905,1
836931,1
836985,1
837113,1
837303,1
837500,5
837608,1
837662,1
837666,1
837696,1
837775,1
837968,1
838188,1
838205,1
838341,3
838605,1
838719,1
838735,1
838843,1
838892,1
839315,1
839422,1
839502,1
839527,1
839566,1
839946,1
839995,1
840045,1
840048,1
840192,1
840423,1
840558,1
840680,3
840915,1
841101,2
841203,1
841222,1
841231,2
841288,1
841452,1
841519,1
841563,1
841997,1
842018,1
842036,2
842211,1
842222,1
842369,1
842447,1
842450,1
842827,1
843131,1
843296,1
843540,1
843676,1
844174,1
844241,1
844803,1
844893,2
844983,1
845022,1
845060,1
845071,1
845263,1
845294,1
845313,1
845628,2
845880,1
845888,1
845944,1
846010,1
846056,1
846265,1
846332,2
846374,1
846462,1
846516,1
846536,1
846556,1
846578,1
846705,2
846762,2
846792,2
846963,1
847190,1
847331,1
847446,1
847837,1
847988,1
848241,2
848367,1
848370,2
848750,1
848809,1
849223,1
849540,1
849711,1
849856,1
850008,1
850205,1
850225,1
850439,1
850708,3
850847,1
851015,1
851358,1
851379,1
851523,1
851524,2
851555,1
851695,1
852024,1
852046,1
852282,1
852595,1
852645,1
852650,2
853169,1
853260,1
853421,1
853474,1
853685,1
853697,1
853725,1
853731,1
853741,1
853837,1
853960,1
853979,1
854001,1
854219,1
854226,1
854322,1
854360,1
854622,1
854677,2
855041,1
855135,1
855194,1
855224,1
855700,1
855817,1
855849,1
856071,1
856146,1
856220,1
856221,1
856395,1
856520,1
856556,1
856615,1
856720,1
857147,1
857292,1
857524,1
857543,1
857553,4
857612,1
857682,2
857777,1
857786,1
858346,1
858843,1
858900,1
859433,1
859552,1
859615,1
859671,1
859776,1
859836,2
859870,1
859873,1
859945,2
860060,1
860243,1
860307,2
860369,1
860406,1
860776,1
860970,1
860984,1
861053,1
861182,1
861240,1
861433,1
861444,1
861492,1
861598,1
861726,1
861745,1
861819,1
862303,1
862483,1
862690,2
862728,1
862765,1
862795,1
862850,1
862985,1
863048,1
863092,1
863193,1
863290,1
863336,2
863391,3
863482,1
863543,1
863567,1
863598,1
863712,1
863831,1
863848,1
863859,1
863990,1
864163,1
864343,1
864406,1
864431,1
864445,1
864675,2
864706,1
864742,1
864805,1
864860,1
864996,1
865056,1
865078,1
865186,1
865568,1
865606,1
865641,1
865646,1
865848,1
865909,1
866076,1
866102,1
866270,1
866310,1
866389,1
866404,2
866714,1
866779,1
866818,1
866942,1
867042,1
867118,2
867171,1
867234,1
867350,1
867613,1
867689,1
867837,1
867972,1
868004,1
868089,1
868108,1
868292,1
868343,1
868373,2
868480,1
868551,1
868653,1
868786,1
868904,1
868922,1
868934,2
868984,1
869026,1
869100,1
869161,1
869166,1
869167,1
869410,1
869449,1
869585,1
869607,1
869710,1
869771,1
870089,1
870185,1
870188,1
870309,1
870574,1
870583,1
870713,1
870984,1
871133,1
871265,1
871393,1
871621,1
871823,1
872074,1
872133,1
872300,1
872305,2
872411,1
872620,1
872702,1
873025,1
873090,1
873161,1
873204,1
873342,1
873477,1
873576,1
873894,1
874382,1
874450,1
874670,1
874681,1
874740,1
874816,1
874972,1
875067,1
875138,1
875142,1
875157,1
875171,1
875203,1
875544,2
875586,1
875788,1
875893,1
876094,1
876213,1
876750,1
876797,1
877062,1
877276,2
877598,1
877676,2
877702,1
877820,1
877927,1
878080,1
878148,1
878154,2
878261,1
878417,1
878488,1
878723,1
879288,1
879316,1
879320,1
879548,2
879717,1
879777,1
880047,1
880304,1
880756,1
880894,1
880922,1
881031,1
881086,1
881411,1
881530,1
881630,1
881718,2
881803,1
881811,1
881828,1
881905,1
881941,1
882006,1
882361,1
882507,1
882699,1
882727,1
882742,1
883085,1
883199,1
883327,1
883351,1
883585,1
883883,1
883953,1
883993,1
884462,1
884540,1
884578,1
884712,1
884810,1
884834,1
884936,1
885110,1
885121,1
885232,1
885275,1
885640,1
885704,1
886104,1
886117,1
886264,1
886316,2
886352,1
886496,1
886522,1
886853,1
886861,2
886941,1
886968,1
886977,1
886988,1
887084,1
887514,1
887538,1
887726,1
887824,1
888035,1
888104,1
888277,1
888329,1
888602,1
888657,1
888751,1
888844,1
888877,1
889031,1
889064,2
889242,1
889541,1
889589,1
889609,1
889923,1
890125,1
890410,1
890447,1
890856,1
891054,1
891057,1
891162,2
891242,1
891287,1
891309,1
891497,1
891663,1
891697,1
891739,1
891763,1
891895,1
891906,1
891938,1
892071,1
892110,1
892208,2
892274,1
892311,2
892343,1
892391,1
892398,1
892497,1
892550,1
892591,1
893125,1
893322,1
893419,1
893526,1
893602,1
893729,1
894225,1
894381,1
894601,1
894702,1
894809,1
895232,1
895362,1
895582,1
895625,1
895702,1
895712,1
895917,1
896030,1
896167,1
896206,1
896261,1
896624,4
896825,1
897065,1
897223,1
897462,1
897490,1
897648,1
897683,1
897751,1
897758,1
897788,1
898010,1
898152,1
898323,1
898436,1
898485,1
898545,1
898639,1
899414,1
899510,1
899789,1
899863,1
899954,1
900101,1
900201,1
900490,1
900518,1
900549,1
900740,1
900749,2
900754,1
901049,1
901067,1
901414,1
901514,1
901536,2
901656,1
901662,1
901683,1
902108,1
902373,1
902386,2
902634,1
903297,1
903302,1
903589,1
903785,1
903981,2
904128,1
904145,1
904166,1
904195,1
904262,1
904385,1
904506,1
904694,1
904740,1
904742,1
904909,1
904969,1
905006,2
905453,1
905598,1
905619,1
905836,1
906077,1
906355,1
906813,1
906922,1
907002,1
907025,1
907059,1
907640,2
907825,1
907871,1
907915,2
908052,1
908120,1
908756,1
908872,1
908917,1
909030,1
909068,1
909098,1
909109,1
909270,1
909539,1
909664,1
909886,1
909924,1
909995,1
910186,1
910369,1
910488,1
910537,1
910569,1
910601,1
910711,1
910867,1
910890,1
911051,1
911559,1
911566,1
911647,1
911651,1
911742,2
911810,3
911857,1
911928,1
912090,1
912215,1
912407,1
912408,1
912435,1
912439,1
912442,1
912547,1
912863,1
912977,1
912993,1
913020,1
913440,1
913570,1
913758,1
913776,1
914104,1
914383,1
914457,1
914495,1
914576,1
914577,1
914602,1
914767,1
914964,1
915194,1
915508,1
915866,1
916149,1
916237,1
916580,1
916614,1
916719,3
916944,1
917047,1
917055,1
917068,1
917431,3
917523,1
917607,1
917655,1
917765,2
918150,1
918277,1
918369,1
918476,1
918609,1
918688,1
918693,1
918739,1
918794,1
918797,1
918898,1
919299,1
919389,2
919845,1
920001,1
920816,1
920897,1
920991,1
920995,1
920997,2
921008,2
921123,1
921151,1
921219,4
921651,1
921876,1
922039,1
922060,1
922067,1
922163,2
922238,1
922450,1
922476,2
922488,1
922708,1
922889,1
922962,1
923119,1
923148,1
923179,2
923194,1
923356,1
923438,1
924025,1
924175,1
924205,1
924241,1
924433,1
924946,1
925123,1
925141,1
925146,1
925322,1
925353,1
925538,2
925660,1
925841,2
925917,1
925922,2
926028,1
926071,1
926161,1
926254,1
926386,1
926483,1
926520,2
926609,2
926632,1
926710,1
926770,2
927153,3
927167,1
927232,1
927476,1
927639,1
928095,1
928589,1
928691,1
928695,1
928699,1
929105,1
929129,1
929231,1
929361,1
929478,1
929489,1
929916,1
929917,1
929972,2
930034,1
930039,1
930230,1
930546,1
930609,1
930709,1
930736,1
930794,1
930886,1
930897,1
931199,3
931289,1
931510,1
931586,1
931589,1
931648,1
931774,1
932121,1
932161,1
932243,1
932377,1
932401,1
932421,1
932619,1
932655,1
932745,1
932760,1
932887,1
933114,1
933173,1
933363,1
933411,1
933505,1
933516,1
933542,1
933597,1
933732,1
933759,1
933762,1
933823,2
933856,1
933942,1
934133,1
934158,1
934190,1
934212,1
934266,1
934307,1
934439,1
934703,2
934815,1
935001,1
935085,1
935217,1
935231,2
935269,1
935681,1
935872,1
935935,1
935968,1
936018,1
936029,1
936035,1
936186,1
936734,1
936754,1
936826,1
936892,1
936966,1
937179,1
937372,1
937423,1
937714,1
937773,1
937775,1
937886,1
937925,1
938096,1
938107,1
938119,1
938198,1
938248,1
938337,1
938710,1
938939,1
938950,1
939044,1
939168,1
939233,1
939289,1
939393,1
939538,1
939539,1
939830,2
939842,1
939862,1
939936,1
939956,1
939986,1
940020,1
940030,1
940134,1
940249,1
940286,1
940402,1
940662,1
940823,1
940901,1
941016,1
941071,2
941081,1
941281,1
941302,1
941522,1
941723,1
941768,1
941839,1
942142,1
942197,1
942277,1
942485,1
942541,1
942683,1
942845,1
943128,1
943132,1
943206,1
943222,1
943380,1
943614,1
943794,1
943834,1
943899,1
944095,2
944190,1
944214,1
944226,1
944235,1
944257,1
944520,1
944528,1
944609,1
944616,1
944658,1
944732,1
945019,1
945236,1
945245,1
945366,1
945465,1
945468,1
945640,1
945681,1
945717,1
945778,1
946056,1
946253,1
946336,1
946451,1
946580,1
946588,1
947097,1
947192,1
947388,1
947467,1
947633,1
947752,1
947974,1
948009,1
948099,2
948191,1
948231,1
948239,1
948293,1
948412,1
948488,1
948535,1
948623,1
948710,1
948719,1
948803,1
948981,1
949018,1
949224,1
949342,1
949361,1
949390,1
949513,1
949596,1
949598,1
949754,1
949816,1
949874,1
950162,1
950358,1
950533,1
950550,1
950609,1
950656,1
950722,1
950957,1
950980,1
951150,1
951220,1
951360,1
951448,1
951497,1
951888,1
951914,1
951947,1
951963,1
952130,1
952183,1
952199,1
952257,1
952492,1
952559,1
952596,1
952993,1
953008,1
953035,1
953181,1
953189,1
953223,1
953266,1
953311,1
953385,1
953388,1
953495,1
953522,1
953575,1
953587,5
953619,1
953631,1
953701,2
953705,1
953847,1
953924,1
954038,1
954162,1
954187,1
954247,1
954296,1
954437,1
954560,1
954732,1
954776,1
954856,1
954982,1
954987,1
955291,2
955319,1
955326,1
955365,1
955528,1
955530,1
955665,1
955952,1
956044,1
956064,1
956241,2
956252,1
956293,1
956302,1
956384,1
956648,1
956740,1
956923,2
957068,1
957093,1
957219,1
957268,1
957298,1
957321,1
957682,1
957731,1
957886,1
957901,1
958312,1
958326,1
958683,1
958891,1
959039,1
959382,1
959393,1
959520,1
959593,1
959870,1
960300,1
960540,1
960562,1
960576,1
960785,1
961166,2
961171,1
961340,1
961354,1
961621,1
961747,1
961831,1
961855,1
961996,1
962022,1
962048,1
962294,1
962361,1
962387,1
962532,1
962533,1
962554,1
962596,1
962612,1
962630,1
962694,1
962803,1
962894,1
962965,1
963063,1
963176,1
963192,1
963276,1
963357,1
963675,1
963791,1
963957,1
963961,1
964296,1
964500,1
964721,1
964855,1
964946,1
964956,1
965259,1
965485,1
965563,1
965682,1
965717,2
965735,1
965886,1
966040,1
966263,1
966424,1
966433,1
966438,1
966605,2
966646,2
966740,1
966797,1
966930,1
966936,1
967086,1
967103,1
967135,1
967144,1
967179,1
967332,1
967362,1
967376,1
967425,1
967841,1
968068,2
968211,1
968286,1
968634,1
968646,1
968731,1
968881,1
968887,1
968952,1
969052,1
969057,2
969144,1
969214,1
969276,1
969398,1
969451,1
969483,1
969640,1
969668,1
969787,1
970027,1
970334,1
970337,1
970342,1
970414,1
970429,1
970839,1
970956,1
971063,1
971149,1
971185,1
971347,1
971478,2
971585,1
971785,1
971846,1
971877,1
971926,1
971996,1
972481,1
972510,1
972540,1
972622,1
972660,1
972723,1
972733,1
972791,1
972924,1
972948,1
973008,1
973380,2
973504,1
973586,1
973888,1
973968,1
974271,1
974552,1
974557,1
974699,2
974734,2
974771,1
974902,1
975184,3
975598,1
975664,1
975693,1
976068,1
976252,1
976281,1
976393,1
976497,1
976544,1
976829,1
976851,1
976969,1
977004,1
977127,2
977268,1
977333,1
977388,1
977391,1
977500,1
977738,1
977852,1
977884,1
978554,1
978719,1
979218,1
979244,1
979401,1
979425,1
979516,1
979589,1
979656,1
979703,1
979763,1
979795,1
980017,1
980169,1
980342,1
980658,1
980867,1
981294,1
981421,1
981550,1
981596,1
981646,1
981726,1
981910,1
981916,1
982071,1
982148,1
982430,1
982480,1
982881,1
982989,1
983176,1
983227,1
983370,1
983397,1
983476,1
983540,1
983731,1
983907,2
984020,1
984118,1
984264,1
984338,1
984345,1
984455,1
984538,1
984855,1
984858,1
985014,1
985082,1
985345,1
985415,1
985552,1
985765,1
985926,1
985956,1
986071,1
986076,1
986221,1
986432,1
986561,1
986587,1
986606,1
986769,1
986806,1
986850,1
986900,1
987071,1
987139,2
987390,1
987668,1
987695,1
987731,1
987850,1
988087,1
988115,1
988349,1
988558,1
988584,1
988585,3
988638,1
988682,1
988731,1
988786,1
989025,2
989031,2
989235,1
989383,1
989623,1
989710,1
989711,2
989830,1
989970,1
990050,1
990133,1
990143,1
990230,1
990325,1
990366,1
990475,2
990487,1
990764,2
990826,1
990869,1
990890,1
990938,1
991111,1
991147,1
991287,1
991384,1
991778,1
991956,1
992055,1
992261,1
992353,1
992436,1
992479,1
992721,1
992722,1
992806,1
992807,2
992893,2
992982,1
993084,1
993533,1
993626,1
993631,2
993657,1
994073,1
994404,1
994425,1
994443,1
994599,1
994765,1
994794,1
995049,1
995069,1
995087,3
995333,1
995409,1
995495,1
995528,2
995968,1
996205,1
996295,1
996395,1
996498,2
996669,1
996719,1
996749,1
996756,2
996900,1
997381,1
997592,1
997640,1
997668,1
997796,1
997914,1
997997,1
998048,1
998072,1
998185,1
998210,1
998252,1
998287,1
998291,1
998424,1
998459,1
998469,1
998506,2
998821,1
999121,1
999174,1
999335,1
999459,2
999640,1
999647,1
999682,1
999776,1
999922,1
999954,1
